metro,year,selected_date,selected_quality_flag,selected_missing_tiles,selected_core_diffuse_cloud_pct,selected_diffuse_cloud_pct,selected_core_strict_white_cloud_pct,selected_strict_white_cloud_pct,selected_core_dark_or_empty_pct,selected_dark_or_empty_pct,baseline_08_01_date,baseline_08_01_missing_tiles,baseline_08_01_core_diffuse_cloud_pct,baseline_08_01_diffuse_cloud_pct,baseline_08_01_dark_or_empty_pct,improvement_vs_08_01
atlanta,2013,2013-07-15,clean,0,0.14,0.95,0.00,0.07,0.00,0.00,2013-08-01,0,0.54,3.10,36.78,2.15
atlanta,2014,2014-05-15,clean,0,0.47,2.58,0.01,0.05,0.00,0.00,2014-08-01,0,2.42,4.09,0.00,1.51
atlanta,2015,2015-08-01,clean,0,3.32,6.00,0.04,0.13,0.00,0.00,2015-08-01,0,3.32,6.00,0.00,0.00
atlanta,2016,2016-08-15,clean,0,0.33,1.59,0.00,0.01,0.00,0.00,2016-08-01,0,4.86,5.27,0.00,3.68
atlanta,2017,2017-07-01,clean,0,0.17,1.15,0.00,0.01,0.00,0.00,2017-08-01,0,8.29,7.08,11.79,5.93
atlanta,2018,2018-06-15,clean,0,0.29,11.49,0.01,1.23,0.00,0.00,2018-08-01,0,0.77,2.03,36.02,-9.46
atlanta,2019,2019-08-01,clean,0,0.89,2.56,0.01,0.09,0.00,0.00,2019-08-01,0,0.89,2.56,0.00,0.00
atlanta,2020,2020-08-01,clean,0,1.26,2.54,0.00,0.09,0.00,0.00,2020-08-01,0,1.26,2.54,0.00,0.00
atlanta,2021,2021-08-01,clean,0,2.65,4.38,0.08,0.14,0.00,0.00,2021-08-01,0,2.65,4.38,0.00,0.00
atlanta,2022,2022-07-01,clean,0,0.27,1.60,0.00,0.03,0.00,0.00,2022-08-01,0,1.23,1.56,36.95,-0.04
atlanta,2023,2023-06-15,clean,0,1.17,4.05,0.02,0.10,0.00,0.00,2023-08-01,0,7.14,4.45,22.88,0.40
austin,2013,2013-08-01,clean,0,0.01,1.39,0.00,0.00,0.00,0.00,2013-08-01,0,0.01,1.39,0.00,0.00
austin,2014,2014-05-01,clean,0,0.00,0.00,0.00,0.00,0.00,0.00,2014-08-01,0,0.21,0.61,54.60,0.61
austin,2015,2015-07-15,clean,0,0.00,0.00,0.00,0.00,0.00,0.00,2015-08-01,0,0.00,0.01,0.00,0.01
austin,2016,2016-08-01,clean,0,0.00,0.05,0.00,0.00,0.00,0.00,2016-08-01,0,0.00,0.05,0.00,0.00
austin,2017,2017-08-01,clean,0,0.00,0.05,0.00,0.00,0.00,0.00,2017-08-01,0,0.00,0.05,0.00,0.00
austin,2018,2018-06-01,clean,0,0.02,0.17,0.00,0.00,0.00,0.00,2018-08-01,0,17.59,22.42,7.19,22.25
austin,2019,2019-07-01,clean,0,0.00,0.01,0.00,0.00,0.00,0.00,2019-08-01,0,0.17,1.85,0.00,1.84
austin,2020,2020-06-15,clean,0,0.00,0.01,0.00,0.00,0.00,0.00,2020-08-01,0,0.00,0.00,53.23,-0.01
austin,2021,2021-07-15,clean,0,0.07,4.07,0.00,0.05,0.00,0.00,2021-08-01,0,0.45,1.28,0.00,-2.79
austin,2022,2022-08-15,clean,0,0.00,0.10,0.00,0.00,0.00,0.00,2022-08-01,0,22.29,18.81,0.00,18.71
austin,2023,2023-08-15,clean,0,0.00,0.00,0.00,0.00,0.00,0.00,2023-08-01,0,0.02,0.89,0.00,0.89
boston,2013,2013-04-01,clean,0,0.00,0.00,0.00,0.00,0.00,0.00,2013-08-01,0,2.43,11.90,0.00,11.90
boston,2014,2014-07-01,clean,0,0.00,0.00,0.00,0.00,0.00,0.00,2014-08-01,0,0.00,1.62,0.00,1.62
boston,2015,2015-04-01,clean,0,0.00,0.00,0.00,0.00,0.00,0.00,2015-08-01,0,4.43,3.70,34.27,3.70
boston,2016,2016-08-01,clean,0,0.00,0.00,0.00,0.00,0.00,0.00,2016-08-01,0,0.00,0.00,0.00,0.00
boston,2017,2017-04-01,clean,0,0.00,0.00,0.00,0.00,0.00,0.00,2017-08-01,0,0.03,0.88,14.56,0.88
boston,2018,2018-04-15,clean,0,0.00,0.00,0.00,0.00,0.00,0.00,2018-08-01,0,6.49,19.67,0.00,19.67
boston,2019,2019-09-01,clean,0,0.00,0.00,0.00,0.00,0.00,0.00,2019-08-01,0,29.62,31.43,0.00,31.43
boston,2020,2020-06-01,clean,0,0.00,0.00,0.00,0.00,0.00,0.00,2020-08-01,0,0.00,4.01,0.00,4.01
boston,2021,2021-04-01,clean,0,0.00,0.00,0.00,0.00,0.00,0.00,2021-08-01,0,40.10,28.36,40.13,28.36
boston,2022,2022-05-15,clean,0,0.00,0.92,0.00,0.00,0.00,0.00,2022-08-01,0,64.28,67.79,0.00,66.87
boston,2023,2023-05-01,clean,0,0.00,0.00,0.00,0.00,0.00,0.00,2023-08-01,0,3.29,1.47,3.03,1.47
charlotte,2013,2013-09-01,clean,0,0.84,2.49,0.00,0.00,0.00,1.65,2013-08-01,0,1.26,4.01,0.00,1.52
charlotte,2014,2014-09-15,clean,0,0.54,1.09,0.00,0.01,0.00,0.00,2014-08-01,0,0.04,1.05,63.94,-0.04
charlotte,2015,2015-08-01,clean,0,0.48,2.27,0.00,0.01,0.00,0.00,2015-08-01,0,0.48,2.27,0.00,0.00
charlotte,2016,2016-09-01,clean,0,0.02,0.38,0.00,0.00,0.00,0.00,2016-08-01,0,1.86,7.26,0.00,6.88
charlotte,2017,2017-08-01,clean,0,0.44,2.15,0.01,0.03,0.00,0.00,2017-08-01,0,0.44,2.15,0.00,0.00
charlotte,2018,2018-06-15,clean,0,0.38,0.99,0.00,0.01,0.00,0.00,2018-08-01,0,0.87,4.34,3.23,3.35
charlotte,2019,2019-10-15,clean,0,0.68,2.87,0.00,0.00,0.00,0.00,2019-08-01,0,1.61,4.83,0.68,1.96
charlotte,2020,2020-10-01,clean,0,1.01,2.47,0.00,0.01,0.00,0.00,2020-08-01,0,0.76,0.94,62.62,-1.53
charlotte,2021,2021-07-15,clean,0,0.66,1.88,0.01,0.02,0.00,0.00,2021-08-01,0,2.11,5.58,0.00,3.70
charlotte,2022,2022-06-15,clean,0,0.00,0.08,0.00,0.00,0.00,0.00,2022-08-01,0,4.11,4.66,0.00,4.58
charlotte,2023,2023-04-01,clean,0,0.95,2.02,0.01,0.06,0.00,0.00,2023-08-01,0,8.85,9.10,0.00,7.08
chicago,2013,2013-10-15,clean,0,0.36,1.61,0.01,0.06,0.00,0.00,2013-08-01,0,2.41,7.71,0.00,6.10
chicago,2014,2014-10-15,clean,0,4.30,4.85,0.07,0.06,0.00,2.64,2014-08-01,0,26.41,26.50,0.00,21.65
chicago,2015,2015-04-01,clean,0,0.00,0.01,0.00,0.00,0.00,0.00,2015-08-01,0,6.37,11.31,62.82,11.30
chicago,2016,2016-09-01,clean,0,4.91,10.42,0.58,1.03,0.00,0.00,2016-08-01,0,24.06,19.16,2.43,8.74
chicago,2017,2017-04-01,clean,0,0.00,0.00,0.00,0.00,0.00,0.00,2017-08-01,0,21.22,25.79,0.33,25.79
chicago,2018,2018-08-01,clean,0,2.63,16.52,0.00,2.44,0.00,0.00,2018-08-01,0,2.63,16.52,0.00,0.00
chicago,2019,2019-04-01,clean,0,4.90,10.71,0.00,0.00,0.00,0.22,2019-08-01,0,14.58,28.58,0.00,17.87
chicago,2020,2020-06-01,clean,0,3.64,6.25,0.00,0.00,0.00,0.00,2020-08-01,0,36.39,33.36,0.00,27.11
chicago,2021,2021-04-15,clean,0,0.00,0.00,0.00,0.00,0.00,0.00,2021-08-01,0,1.01,10.35,64.84,10.35
chicago,2022,2022-08-15,clean,0,0.08,3.08,0.00,0.00,0.00,0.43,2022-08-01,0,58.15,45.61,0.00,42.53
chicago,2023,2023-07-15,clean,0,0.17,0.76,0.00,0.00,0.00,0.00,2023-08-01,0,16.28,19.77,0.00,19.01
cleveland,2013,2013-04-01,clean,0,0.07,0.89,0.00,0.00,0.00,0.00,2013-08-01,0,31.29,41.25,32.67,40.36
cleveland,2014,2014-04-15,clean,0,0.14,0.23,0.00,0.00,0.00,0.00,2014-08-01,0,34.32,28.30,7.93,28.07
cleveland,2015,2015-04-15,clean,0,0.00,0.20,0.00,0.00,0.00,4.30,2015-08-01,0,93.14,73.59,0.00,73.39
cleveland,2016,2016-04-15,clean,0,0.00,0.00,0.00,0.00,0.00,0.00,2016-08-01,1,18.05,13.74,50.00,13.74
cleveland,2017,2017-06-01,clean,0,0.18,0.57,0.00,0.00,0.00,0.00,2017-08-01,0,1.75,5.60,0.00,5.03
cleveland,2018,2018-04-15,clean,0,0.01,0.10,0.00,0.00,0.00,0.00,2018-08-01,0,15.35,13.71,32.69,13.61
cleveland,2019,2019-04-15,clean,0,0.00,0.00,0.00,0.00,0.00,0.00,2019-08-01,0,62.10,43.51,0.00,43.51
cleveland,2020,2020-04-15,clean,0,0.00,0.98,0.00,0.00,0.00,0.00,2020-08-01,0,4.85,5.92,7.29,4.94
cleveland,2021,2021-04-15,clean,0,0.00,0.01,0.00,0.00,0.00,4.90,2021-08-01,0,53.20,51.64,0.00,51.63
cleveland,2022,2022-06-01,clean,0,0.02,0.29,0.00,0.00,0.00,0.00,2022-08-01,0,89.96,49.81,21.84,49.52
cleveland,2023,2023-04-01,clean,0,0.00,0.00,0.00,0.00,0.00,0.00,2023-08-01,0,17.11,12.99,0.27,12.99
columbus,2013,2013-04-01,clean,0,0.00,0.04,0.00,0.00,0.00,0.00,2013-08-01,0,2.43,8.16,65.34,8.12
columbus,2014,2014-04-15,clean,0,0.11,0.28,0.00,0.00,0.00,0.00,2014-08-01,0,28.89,32.25,0.00,31.97
columbus,2015,2015-06-01,clean,0,4.34,1.89,0.00,0.00,0.00,0.00,2015-08-01,0,98.05,84.93,0.00,83.04
columbus,2016,2016-04-15,clean,0,0.00,0.00,0.00,0.00,0.00,0.00,2016-08-01,0,23.96,27.48,0.00,27.48
columbus,2017,2017-04-01,clean,0,0.00,0.01,0.00,0.00,0.00,0.00,2017-08-01,0,1.51,5.18,0.00,5.17
columbus,2018,2018-05-01,clean,0,0.00,0.22,0.00,0.00,0.00,0.00,2018-08-01,0,10.97,8.71,24.77,8.49
columbus,2019,2019-04-15,clean,0,0.00,0.00,0.00,0.00,0.00,0.00,2019-08-01,0,57.22,48.73,0.00,48.73
columbus,2020,2020-04-01,clean,0,0.05,0.03,0.00,0.00,0.00,0.00,2020-08-01,0,7.12,9.01,0.00,8.98
columbus,2021,2021-06-01,clean,0,0.92,1.28,0.00,0.00,0.00,0.00,2021-08-01,0,24.36,23.39,0.00,22.11
columbus,2022,2022-05-01,clean,0,0.00,0.00,0.00,0.00,0.00,0.00,2022-08-01,0,48.02,36.53,43.67,36.53
columbus,2023,2023-04-01,clean,0,0.00,0.00,0.00,0.00,0.00,0.00,2023-08-01,0,9.38,10.20,0.54,10.20
dallas,2013,2013-04-01,clean,0,1.26,3.86,0.00,0.00,0.00,4.42,2013-08-01,0,3.31,6.80,0.00,2.94
dallas,2014,2014-10-01,clean,0,2.69,2.90,0.00,0.01,0.00,0.00,2014-08-01,0,0.05,1.05,34.67,-1.85
dallas,2015,2015-07-15,clean,0,0.25,0.69,0.00,0.01,0.00,1.38,2015-08-01,0,1.45,1.92,0.00,1.23
dallas,2016,2016-10-15,clean,0,0.61,2.40,0.00,0.02,0.00,0.00,2016-08-01,0,1.73,2.03,0.00,-0.37
dallas,2017,2017-08-01,clean,0,1.07,1.30,0.03,0.03,0.00,0.00,2017-08-01,0,1.07,1.30,0.00,0.00
dallas,2018,2018-07-01,clean,0,0.05,2.26,0.00,0.31,0.00,0.00,2018-08-01,0,28.37,25.34,30.03,23.08
dallas,2019,2019-09-01,clean,0,2.74,6.92,0.00,0.02,0.00,0.00,2019-08-01,0,8.05,7.67,0.00,0.75
dallas,2020,2020-07-15,clean,0,0.67,1.48,0.00,0.00,0.00,0.00,2020-08-01,0,0.65,0.29,33.33,-1.19
dallas,2021,2021-07-15,clean,0,4.29,9.27,0.00,0.05,0.00,4.50,2021-08-01,0,23.95,19.83,0.00,10.56
dallas,2022,2022-06-15,clean,0,0.99,1.31,0.00,0.00,0.00,0.00,2022-08-01,0,41.21,34.92,0.00,33.61
dallas,2023,2023-10-15,clean,0,2.28,4.40,0.00,0.00,0.00,0.00,2023-08-01,0,32.19,19.94,0.00,15.54
denver,2013,2013-04-01,clean,0,1.75,5.66,0.00,0.08,0.00,0.00,2013-08-01,0,3.74,6.68,0.00,1.02
denver,2014,2014-07-01,clean,0,0.89,1.63,0.00,0.01,0.00,0.00,2014-08-01,0,58.42,42.89,0.00,41.26
denver,2015,2015-04-01,clean,0,0.97,2.95,0.01,0.04,0.00,0.00,2015-08-01,0,1.94,5.07,47.50,2.12
denver,2016,2016-09-15,clean,0,0.64,4.44,0.01,0.22,0.00,0.00,2016-08-01,0,2.99,8.07,50.98,3.63
denver,2017,2017-09-15,clean,0,1.78,4.01,0.08,0.08,0.27,0.16,2017-08-01,0,5.78,9.08,0.00,5.07
denver,2018,2018-08-15,clean,0,0.36,3.72,0.00,0.06,0.00,0.00,2018-08-01,0,74.09,50.12,0.00,46.40
denver,2019,2019-10-01,clean,0,0.85,1.40,0.00,0.00,0.00,0.00,2019-08-01,0,4.86,4.55,20.17,3.15
denver,2020,2020-07-15,clean,0,0.79,1.04,0.00,0.00,0.00,0.00,2020-08-01,0,13.36,12.14,0.00,11.10
denver,2021,2021-10-15,clean,0,1.28,2.66,0.00,0.03,0.00,0.00,2021-08-01,0,3.79,6.59,41.86,3.93
denver,2022,2022-10-01,clean,0,1.17,1.71,0.00,0.00,0.04,0.03,2022-08-01,0,13.48,10.27,0.00,8.56
denver,2023,2023-09-15,clean,0,0.16,0.62,0.00,0.00,0.03,0.01,2023-08-01,0,0.22,1.22,0.00,0.60
detroit,2013,2013-04-15,clean,0,0.02,0.65,0.00,0.00,0.00,0.00,2013-08-01,0,1.42,7.02,55.59,6.37
detroit,2014,2014-05-15,clean,0,0.45,2.75,0.00,0.00,0.00,0.00,2014-08-01,0,10.86,7.44,0.00,4.69
detroit,2015,2015-06-01,clean,0,0.05,0.23,0.00,0.00,0.00,0.00,2015-08-01,0,13.14,21.27,0.00,21.04
detroit,2016,2016-05-01,clean,0,0.01,0.01,0.00,0.00,0.00,0.00,2016-08-01,0,7.26,7.16,0.00,7.15
detroit,2017,2017-04-01,clean,0,0.00,0.00,0.00,0.00,0.00,0.00,2017-08-01,0,10.83,16.31,0.00,16.31
detroit,2018,2018-04-01,clean,0,0.00,0.11,0.00,0.00,0.00,0.00,2018-08-01,0,1.60,1.57,2.41,1.46
detroit,2019,2019-04-15,clean,0,0.24,0.47,0.00,0.00,0.00,0.00,2019-08-01,0,3.63,7.11,0.00,6.64
detroit,2020,2020-05-01,clean,0,0.00,0.04,0.00,0.00,0.00,0.00,2020-08-01,0,13.70,12.99,0.00,12.95
detroit,2021,2021-05-15,clean,0,0.27,1.59,0.00,0.00,0.00,0.00,2021-08-01,0,40.66,51.27,0.00,49.68
detroit,2022,2022-05-01,clean,0,0.01,0.00,0.00,0.00,0.00,0.00,2022-08-01,0,16.50,21.90,54.83,21.90
detroit,2023,2023-05-01,clean,0,0.00,0.00,0.00,0.00,0.00,0.00,2023-08-01,0,43.92,27.83,13.06,27.83
houston,2013,2013-08-01,clean,0,0.00,1.87,0.00,0.04,0.00,0.00,2013-08-01,0,0.00,1.87,0.00,0.00
houston,2014,2014-09-15,clean,0,0.00,0.15,0.00,0.00,0.00,0.00,2014-08-01,0,0.45,0.91,15.33,0.76
houston,2015,2015-08-01,clean,0,0.00,0.04,0.00,0.00,0.00,0.00,2015-08-01,0,0.00,0.04,0.00,0.00
houston,2016,2016-10-15,clean,0,0.00,0.05,0.00,0.00,0.00,0.00,2016-08-01,0,0.42,0.22,54.23,0.17
houston,2017,2017-10-01,clean,0,0.00,0.00,0.00,0.00,0.00,0.00,2017-08-01,0,0.00,0.15,0.00,0.15
houston,2018,2018-07-01,clean,0,0.00,0.02,0.00,0.00,0.00,0.00,2018-08-01,0,2.40,3.13,0.00,3.11
houston,2019,2019-09-01,clean,0,0.00,1.19,0.00,0.01,0.00,0.00,2019-08-01,0,0.00,2.41,69.90,1.22
houston,2020,2020-10-01,clean,0,0.00,0.00,0.00,0.00,0.00,0.00,2020-08-01,0,22.13,26.02,16.65,26.02
houston,2021,2021-06-15,clean,0,0.53,5.41,0.00,0.03,0.01,0.00,2021-08-01,0,38.43,30.39,0.00,24.98
houston,2022,2022-05-01,clean,0,0.00,1.96,0.00,0.05,0.00,0.00,2022-08-01,0,0.52,1.83,0.00,-0.13
houston,2023,2023-09-15,clean,0,0.00,0.00,0.00,0.00,0.00,0.00,2023-08-01,0,0.00,1.63,0.00,1.63
indianapolis,2013,2013-05-15,clean,0,0.18,2.28,0.00,0.00,0.00,0.00,2013-08-01,0,12.41,14.93,0.04,12.65
indianapolis,2014,2014-10-15,clean,0,0.28,1.30,0.00,0.02,0.00,0.00,2014-08-01,0,17.79,13.67,0.00,12.37
indianapolis,2015,2015-04-01,clean,0,0.00,0.00,0.00,0.00,0.00,0.10,2015-08-01,0,69.59,52.34,0.00,52.34
indianapolis,2016,2016-08-01,clean,0,4.19,3.95,0.05,0.09,0.00,0.00,2016-08-01,0,4.19,3.95,0.00,0.00
indianapolis,2017,2017-04-01,clean,0,0.00,0.00,0.00,0.00,0.00,0.00,2017-08-01,0,5.22,8.51,64.87,8.51
indianapolis,2018,2018-04-01,clean,0,0.55,1.53,0.00,0.00,0.00,0.00,2018-08-01,0,5.37,6.41,0.00,4.88
indianapolis,2019,2019-10-15,clean,0,1.22,2.69,0.00,0.02,0.00,0.00,2019-08-01,0,2.80,9.04,0.00,6.35
indianapolis,2020,2020-04-01,clean,0,0.10,2.28,0.00,0.00,0.00,4.52,2020-08-01,0,38.37,28.63,0.00,26.35
indianapolis,2021,2021-04-01,clean,0,1.84,5.39,0.00,0.00,0.00,0.00,2021-08-01,0,40.65,45.04,0.00,39.65
indianapolis,2022,2022-05-15,clean,0,0.00,0.00,0.00,0.00,0.00,0.00,2022-08-01,0,54.10,35.14,22.01,35.14
indianapolis,2023,2023-05-01,clean,0,0.26,0.29,0.00,0.00,0.00,0.00,2023-08-01,0,0.96,10.19,69.35,9.90
jacksonville,2013,2013-08-01,clean,0,2.37,4.99,0.12,0.23,0.00,0.15,2013-08-01,0,2.37,4.99,0.15,0.00
jacksonville,2014,2014-06-01,clean,0,1.90,3.58,0.08,0.12,0.00,0.02,2014-08-01,0,0.59,6.30,34.76,2.72
jacksonville,2015,2015-09-15,clean,0,1.56,2.01,0.03,0.10,0.00,0.00,2015-08-01,0,3.37,5.38,0.00,3.37
jacksonville,2016,2016-05-01,clean,0,1.07,2.69,0.02,0.05,0.00,0.00,2016-08-01,0,11.23,11.22,2.67,8.53
jacksonville,2017,2017-05-15,clean,0,2.55,3.83,0.13,0.16,0.00,0.00,2017-08-01,0,9.79,9.52,0.00,5.69
jacksonville,2018,2018-06-15,clean,0,3.01,5.69,0.16,0.20,0.00,0.00,2018-08-01,0,6.08,6.21,27.82,0.52
jacksonville,2019,2019-04-15,clean,0,0.43,1.49,0.00,0.02,0.00,0.00,2019-08-01,0,13.32,6.50,17.81,5.01
jacksonville,2020,2020-10-15,clean,0,0.76,2.19,0.00,0.00,0.00,1.45,2020-08-01,0,0.64,3.12,34.77,0.93
jacksonville,2021,2021-05-01,clean,0,1.77,2.59,0.07,0.06,0.00,0.00,2021-08-01,0,4.86,5.75,0.00,3.16
jacksonville,2022,2022-07-01,clean,0,0.94,3.19,0.00,0.04,0.00,1.89,2022-08-01,0,3.96,9.64,0.00,6.45
jacksonville,2023,2023-04-01,clean,0,1.31,5.97,0.02,0.18,0.00,0.00,2023-08-01,0,9.44,9.35,0.00,3.38
kansas_city,2013,2013-03-15,clean,0,0.77,1.27,0.01,0.01,0.00,0.00,2013-08-01,0,43.54,38.64,0.00,37.37
kansas_city,2014,2014-09-01,clean,0,0.73,1.32,0.00,0.04,0.00,0.00,2014-08-01,0,0.35,3.76,71.13,2.44
kansas_city,2015,2015-10-15,clean,0,0.45,1.19,0.00,0.02,0.00,0.00,2015-08-01,0,39.73,43.69,0.00,42.50
kansas_city,2016,2016-09-15,clean,0,0.17,1.09,0.00,0.03,0.00,0.00,2016-08-01,0,50.92,46.26,0.07,45.17
kansas_city,2017,2017-04-15,clean,0,1.12,1.38,0.00,0.00,0.00,0.00,2017-08-01,0,29.33,35.85,0.00,34.47
kansas_city,2018,2018-06-01,clean,0,3.37,6.23,0.01,0.14,0.00,0.00,2018-08-01,0,20.57,31.98,0.00,25.75
kansas_city,2019,2019-10-15,clean,0,1.29,3.18,0.00,0.23,0.00,0.00,2019-08-01,0,29.79,28.72,20.79,25.54
kansas_city,2020,2020-09-15,clean,0,0.07,0.17,0.00,0.00,0.00,0.00,2020-08-01,0,0.65,26.60,71.33,26.43
kansas_city,2021,2021-04-15,clean,0,0.93,1.17,0.00,0.01,0.00,0.00,2021-08-01,0,62.18,45.22,0.00,44.05
kansas_city,2022,2022-09-20,clean,0,0.48,0.92,0.00,0.02,0.00,0.00,2022-08-01,0,65.77,60.07,0.00,59.15
kansas_city,2023,2023-04-01,clean,0,1.00,1.58,0.00,0.01,0.00,0.00,2023-08-01,0,13.63,21.91,0.00,20.33
las_vegas,2013,2013-04-26,cloudy_but_complete,0,19.97,23.66,5.10,6.73,0.01,0.00,2013-08-01,0,19.85,36.81,37.38,13.15
las_vegas,2014,2014-05-24,cloudy_but_complete,0,14.92,20.79,0.37,0.71,0.00,0.00,2014-08-01,0,34.58,51.47,0.00,30.68
las_vegas,2015,2015-11-19,cloudy_but_complete,0,28.45,23.62,2.14,1.75,0.00,0.00,2015-08-01,0,62.04,56.75,0.00,33.13
las_vegas,2016,2016-01-15,cloudy_but_complete,0,10.65,9.17,0.52,0.39,0.00,0.00,2016-08-01,0,71.85,71.40,0.00,62.23
las_vegas,2017,2017-04-05,cloudy_but_complete,0,10.84,13.87,0.13,0.57,0.00,0.00,2017-08-01,0,14.17,18.54,17.94,4.67
las_vegas,2018,2018-02-12,cloudy_but_complete,0,16.86,25.59,1.07,1.92,0.00,0.00,2018-08-01,0,38.66,33.84,35.21,8.25
las_vegas,2019,2019-08-30,cloudy_but_complete,0,18.71,25.81,0.24,0.29,0.00,2.30,2019-08-01,0,53.01,50.21,0.00,24.40
las_vegas,2020,2020-04-26,cloudy_but_complete,0,10.71,23.43,0.13,1.52,0.00,1.94,2020-08-01,0,36.70,43.83,0.00,20.40
las_vegas,2021,2021-08-20,cloudy_but_complete,0,16.64,26.87,0.30,3.32,0.01,0.00,2021-08-01,0,65.85,70.77,0.00,43.90
las_vegas,2022,2022-01-08,clean,0,8.37,12.63,0.19,0.78,0.00,0.00,2022-08-01,0,26.40,38.15,37.61,25.52
las_vegas,2023,2023-07-26,cloudy_but_complete,0,10.01,13.19,0.29,1.10,0.00,0.00,2023-08-01,0,68.49,49.88,29.86,36.69
miami,2013,2013-04-15,clean,0,0.34,0.97,0.00,0.00,0.00,4.22,2013-08-01,0,5.97,8.50,0.00,7.53
miami,2014,2014-04-15,clean,0,1.81,1.99,0.00,0.00,0.00,0.00,2014-08-01,0,6.04,17.86,38.83,15.87
miami,2015,2015-05-01,clean,0,2.08,1.80,0.06,0.05,0.00,0.00,2015-08-01,0,9.01,6.62,0.00,4.82
miami,2016,2016-06-01,clean,0,1.12,2.75,0.01,0.03,0.00,0.00,2016-08-01,0,11.06,9.98,23.21,7.23
miami,2017,2017-04-01,clean,0,0.21,0.71,0.00,0.01,0.00,0.00,2017-08-01,0,7.39,7.22,0.00,6.51
miami,2018,2018-06-01,clean,0,2.18,10.48,0.04,0.19,0.00,0.00,2018-08-01,0,8.73,9.55,0.00,-0.93
miami,2019,2019-04-15,clean,0,0.51,2.26,0.00,0.01,0.00,0.00,2019-08-01,0,4.13,4.48,53.56,2.22
miami,2020,2020-04-01,clean,0,1.42,3.63,0.00,0.01,0.00,0.00,2020-08-01,0,2.35,5.20,40.15,1.57
miami,2021,2021-06-15,clean,0,0.58,1.69,0.01,0.04,0.00,0.00,2021-08-01,0,4.10,5.85,0.00,4.16
miami,2022,2022-05-15,clean,0,0.14,1.03,0.00,0.04,0.00,0.00,2022-08-01,0,4.75,6.55,0.00,5.52
miami,2023,2023-04-15,clean,0,1.05,1.74,0.02,0.04,0.00,0.00,2023-08-01,0,1.35,4.12,0.00,2.38
minneapolis,2013,2013-04-01,clean,0,1.16,3.28,0.00,0.02,0.00,3.78,2013-08-01,0,9.81,6.05,0.00,2.77
minneapolis,2014,2014-10-01,clean,0,0.56,0.50,0.00,0.00,0.00,0.00,2014-08-01,0,0.69,0.59,23.51,0.09
minneapolis,2015,2015-10-01,clean,0,0.67,1.88,0.00,0.05,0.00,0.00,2015-08-01,0,13.37,13.51,0.00,11.63
minneapolis,2016,2016-10-15,clean,0,0.94,0.96,0.02,0.01,0.00,0.00,2016-08-01,0,10.74,11.35,0.00,10.39
minneapolis,2017,2017-04-15,clean,0,2.06,1.59,0.00,0.00,0.00,0.54,2017-08-01,0,46.83,31.09,0.00,29.50
minneapolis,2018,2018-09-15,clean,0,0.18,0.36,0.00,0.00,0.00,0.00,2018-08-01,0,21.72,13.83,17.26,13.47
minneapolis,2019,2019-10-01,clean,0,0.30,0.55,0.00,0.01,0.00,0.00,2019-08-01,0,3.79,4.76,0.00,4.21
minneapolis,2020,2020-04-01,clean,0,0.14,1.93,0.00,0.04,0.00,0.00,2020-08-01,0,7.00,4.53,22.38,2.60
minneapolis,2021,2021-04-15,clean,0,0.12,0.20,0.00,0.00,0.00,0.00,2021-08-01,0,0.51,0.93,0.00,0.73
minneapolis,2022,2022-09-01,clean,0,0.46,2.35,0.00,0.00,0.00,3.64,2022-08-01,0,6.25,6.42,0.00,4.07
minneapolis,2023,2023-09-01,clean,0,0.60,1.27,0.01,0.02,0.00,0.00,2023-08-01,0,5.73,4.37,0.00,3.10
nashville,2013,2013-07-01,clean,0,0.06,0.15,0.00,0.00,0.00,0.00,2013-08-01,0,1.11,1.99,36.55,1.84
nashville,2014,2014-05-15,clean,0,1.38,2.37,0.05,0.07,0.00,0.00,2014-08-01,0,5.04,8.47,0.00,6.10
nashville,2015,2015-07-01,clean,0,0.16,0.99,0.00,0.00,0.00,0.00,2015-08-01,0,1.61,1.78,0.00,0.79
nashville,2016,2016-08-15,clean,0,0.07,1.44,0.00,0.02,0.00,0.00,2016-08-01,0,1.55,2.97,0.00,1.53
nashville,2017,2017-07-01,clean,0,0.67,0.81,0.02,0.01,0.00,0.00,2017-08-01,0,19.29,15.84,34.57,15.03
nashville,2018,2018-07-15,clean,0,0.36,3.75,0.00,0.06,0.00,0.00,2018-08-01,0,1.80,1.64,0.00,-2.11
nashville,2019,2019-08-01,clean,0,1.06,1.49,0.03,0.02,0.00,0.00,2019-08-01,0,1.06,1.49,0.00,0.00
nashville,2020,2020-09-01,clean,0,0.41,1.43,0.00,0.00,0.00,3.96,2020-08-01,0,1.32,5.69,0.00,4.26
nashville,2021,2021-06-15,clean,0,1.26,2.77,0.00,0.09,0.00,0.00,2021-08-01,0,1.89,1.75,0.00,-1.02
nashville,2022,2022-07-01,clean,0,0.59,1.81,0.02,0.02,0.00,0.00,2022-08-01,0,0.00,0.27,68.87,-1.54
nashville,2023,2023-06-15,clean,0,0.55,5.97,0.02,0.29,0.00,0.00,2023-08-01,0,2.17,1.25,56.57,-4.72
new_orleans,2013,2013-04-01,clean,0,1.93,3.61,0.04,0.08,0.00,0.00,2013-08-01,0,13.23,12.57,0.00,8.96
new_orleans,2014,2014-08-01,cloudy_but_complete,0,11.63,19.64,0.33,0.45,0.00,0.00,2014-08-01,0,11.63,19.64,0.00,0.00
new_orleans,2015,2015-04-01,clean,0,1.42,4.28,0.01,0.04,0.00,0.00,2015-08-01,0,20.59,14.59,34.99,10.31
new_orleans,2016,2016-06-01,clean,0,2.78,6.90,0.02,0.09,0.00,0.00,2016-08-01,0,21.01,19.08,7.78,12.18
new_orleans,2017,2017-10-01,clean,0,4.92,3.99,0.06,0.04,0.00,0.00,2017-08-01,0,23.62,17.53,34.76,13.54
new_orleans,2018,2018-10-01,clean,0,1.23,2.75,0.00,0.01,0.00,0.00,2018-08-01,0,28.40,18.45,0.00,15.70
new_orleans,2019,2019-06-01,clean,0,3.48,8.48,0.05,0.19,0.00,0.00,2019-08-01,0,25.00,18.28,0.00,9.80
new_orleans,2020,2020-06-01,clean,0,7.07,15.86,0.02,0.36,0.00,0.00,2020-08-01,0,29.48,26.69,0.00,10.83
new_orleans,2021,2021-04-01,clean,0,4.92,4.24,0.01,0.01,0.00,0.00,2021-08-01,0,21.99,24.02,35.12,19.78
new_orleans,2022,2022-05-01,clean,0,6.20,5.39,0.16,0.09,0.00,0.00,2022-08-01,0,16.62,10.49,5.29,5.10
new_orleans,2023,2023-09-15,clean,0,2.47,2.49,0.00,0.00,0.00,0.00,2023-08-01,0,7.12,13.07,31.38,10.58
oklahoma_city,2013,2013-08-01,clean,0,0.04,0.08,0.00,0.00,0.00,0.00,2013-08-01,0,0.04,0.08,0.00,0.00
oklahoma_city,2014,2014-09-01,clean,0,0.30,0.32,0.00,0.00,0.00,0.00,2014-08-01,0,2.10,2.82,13.30,2.50
oklahoma_city,2015,2015-08-01,clean,0,0.20,0.25,0.00,0.00,0.00,0.00,2015-08-01,0,0.20,0.25,0.00,0.00
oklahoma_city,2016,2016-08-15,clean,0,0.01,0.82,0.00,0.00,0.00,0.00,2016-08-01,0,1.07,0.67,0.00,-0.15
oklahoma_city,2017,2017-08-15,clean,0,0.03,0.67,0.00,0.00,0.00,0.01,2017-08-01,0,0.80,0.41,0.00,-0.26
oklahoma_city,2018,2018-09-01,clean,0,0.00,0.03,0.00,0.00,0.00,0.00,2018-08-01,0,0.58,0.41,51.80,0.38
oklahoma_city,2019,2019-09-15,clean,0,0.00,0.13,0.00,0.00,0.00,0.00,2019-08-01,0,0.07,4.43,0.00,4.30
oklahoma_city,2020,2020-07-15,clean,0,0.02,0.47,0.00,0.02,0.00,0.01,2020-08-01,0,22.57,22.78,11.98,22.31
oklahoma_city,2021,2021-09-15,clean,0,0.00,0.17,0.00,0.00,0.00,0.00,2021-08-01,0,0.77,1.82,0.00,1.65
oklahoma_city,2022,2022-09-01,clean,0,0.00,0.06,0.00,0.00,0.00,0.00,2022-08-01,0,1.19,5.79,0.00,5.73
oklahoma_city,2023,2023-09-01,clean,0,0.04,0.09,0.00,0.00,0.00,0.00,2023-08-01,0,1.94,3.20,0.00,3.11
orlando,2013,2013-06-01,clean,0,0.16,3.85,0.00,0.08,0.00,0.00,2013-08-01,0,0.71,2.04,0.00,-1.81
orlando,2014,2014-05-01,clean,0,0.94,0.88,0.00,0.00,0.00,0.00,2014-08-01,0,4.40,7.03,63.92,6.15
orlando,2015,2015-09-15,clean,0,1.14,3.05,0.04,0.18,0.00,0.00,2015-08-01,0,9.91,6.43,0.00,3.38
orlando,2016,2016-05-15,clean,0,0.99,1.28,0.00,0.01,0.00,0.00,2016-08-01,0,8.60,11.40,5.34,10.12
orlando,2017,2017-04-01,clean,0,0.73,1.43,0.01,0.01,0.00,1.48,2017-08-01,0,8.93,8.26,0.00,6.83
orlando,2018,2018-04-01,clean,0,0.55,1.67,0.00,0.00,0.00,3.89,2018-08-01,0,11.24,8.57,0.00,6.90
orlando,2019,2019-04-15,clean,0,0.62,1.28,0.00,0.01,0.00,0.00,2019-08-01,0,9.18,5.84,35.61,4.56
orlando,2020,2020-10-15,clean,0,1.58,3.05,0.00,0.00,0.00,2.90,2020-08-01,0,1.77,1.10,64.86,-1.95
orlando,2021,2021-05-15,clean,0,0.10,0.43,0.00,0.00,0.00,0.00,2021-08-01,0,1.61,2.29,0.00,1.86
orlando,2022,2022-05-15,clean,0,0.45,0.65,0.00,0.01,0.00,0.00,2022-08-01,0,2.39,4.44,0.00,3.79
orlando,2023,2023-04-01,clean,0,1.51,1.47,0.00,0.00,0.00,0.00,2023-08-01,0,6.47,9.44,0.00,7.97
philadelphia,2013,2013-04-01,clean,0,0.00,1.34,0.00,0.00,0.00,0.00,2013-08-01,0,60.62,63.08,0.00,61.74
philadelphia,2014,2014-09-01,clean,0,6.88,14.17,0.00,0.01,0.00,0.00,2014-08-01,0,46.69,45.89,0.00,31.72
philadelphia,2015,2015-04-01,clean,0,0.00,0.00,0.00,0.00,0.00,0.00,2015-08-01,0,40.41,36.76,48.97,36.76
philadelphia,2016,2016-05-01,clean,0,0.00,0.00,0.00,0.00,0.00,0.00,2016-08-01,0,19.81,17.02,49.86,17.02
philadelphia,2017,2017-04-15,clean,0,0.00,0.00,0.00,0.00,0.00,0.00,2017-08-01,0,39.00,26.48,0.00,26.48
philadelphia,2018,2018-05-01,clean,0,0.00,1.61,0.00,0.00,0.00,0.00,2018-08-01,0,61.29,57.81,0.00,56.20
philadelphia,2019,2019-06-01,clean,0,4.67,10.75,0.01,0.07,0.00,0.00,2019-08-01,0,34.54,40.37,19.02,29.62
philadelphia,2020,2020-06-01,clean,0,0.72,1.99,0.00,0.00,0.00,0.00,2020-08-01,0,62.01,53.07,0.00,51.08
philadelphia,2021,2021-05-15,clean,0,0.05,1.50,0.00,0.00,0.00,0.00,2021-08-01,0,41.29,37.66,43.33,36.16
philadelphia,2022,2022-04-15,clean,0,0.00,0.03,0.00,0.00,0.00,0.00,2022-08-01,0,68.09,58.81,0.00,58.78
philadelphia,2023,2023-04-15,clean,0,0.00,0.46,0.00,0.00,0.00,0.00,2023-08-01,0,74.98,62.61,0.00,62.15
phoenix,2013,2013-10-18,clean,0,3.04,2.84,0.01,0.02,0.00,0.00,2013-08-01,0,42.96,45.17,0.00,42.33
phoenix,2014,2014-03-29,clean,0,2.16,3.00,0.04,0.04,0.00,0.00,2014-08-01,0,3.36,6.86,68.18,3.86
phoenix,2015,2015-04-01,clean,0,4.77,7.71,0.00,0.10,0.00,0.00,2015-08-01,0,76.45,70.74,0.00,63.03
phoenix,2016,2016-01-15,clean,0,0.50,12.45,0.00,0.19,0.00,0.00,2016-08-01,0,50.52,45.70,0.00,33.25
phoenix,2017,2017-09-06,clean,0,5.15,4.69,0.00,0.00,0.00,0.00,2017-08-01,0,60.18,47.35,0.00,42.66
phoenix,2018,2018-09-01,cloudy_but_complete,0,10.24,10.30,0.78,1.06,0.00,0.01,2018-08-01,0,69.14,74.32,2.08,64.02
phoenix,2019,2019-10-01,clean,0,1.34,3.14,0.01,0.01,0.00,0.00,2019-08-01,0,63.13,48.88,7.48,45.74
phoenix,2020,2020-04-15,clean,0,0.74,3.87,0.00,0.03,0.00,0.00,2020-08-01,0,6.46,11.61,67.45,7.74
phoenix,2021,2021-10-15,clean,0,6.55,6.67,0.41,0.16,0.00,0.00,2021-08-01,0,36.57,46.32,0.00,39.65
phoenix,2022,2022-08-15,cloudy_but_complete,0,11.59,14.74,0.05,0.10,0.00,0.00,2022-08-01,0,58.04,54.04,0.00,39.30
phoenix,2023,2023-09-01,clean,0,6.10,4.44,0.26,0.16,0.00,0.00,2023-08-01,0,39.69,41.94,0.00,37.50
pittsburgh,2013,2013-04-01,clean,0,0.42,1.74,0.00,0.00,0.00,0.00,2013-08-01,0,78.75,74.35,0.00,72.61
pittsburgh,2014,2014-04-01,clean,0,0.01,0.10,0.00,0.00,0.00,0.00,2014-08-01,0,21.83,24.36,15.87,24.26
pittsburgh,2015,2015-04-01,clean,0,0.00,0.00,0.00,0.00,0.00,0.00,2015-08-01,0,78.11,62.25,0.00,62.25
pittsburgh,2016,2016-04-15,clean,0,0.00,0.00,0.00,0.00,0.00,0.00,2016-08-01,0,70.85,61.48,0.00,61.48
pittsburgh,2017,2017-06-01,clean,0,0.00,0.06,0.00,0.00,0.00,0.00,2017-08-01,0,2.94,6.02,0.00,5.96
pittsburgh,2018,2018-04-15,clean,0,0.00,0.00,0.00,0.00,0.00,0.00,2018-08-01,0,28.61,18.72,40.61,18.72
pittsburgh,2019,2019-04-15,clean,0,0.00,0.00,0.00,0.00,0.00,0.00,2019-08-01,0,29.37,38.29,0.00,38.29
pittsburgh,2020,2020-04-01,clean,0,0.00,0.00,0.00,0.00,0.00,0.00,2020-08-01,0,3.38,2.83,14.57,2.83
pittsburgh,2021,2021-04-01,clean,0,0.00,0.00,0.00,0.00,0.00,0.00,2021-08-01,0,96.60,79.89,0.00,79.89
pittsburgh,2022,2022-06-01,clean,0,0.00,0.08,0.00,0.00,0.00,0.00,2022-08-01,0,86.97,63.08,0.00,63.00
pittsburgh,2023,2023-04-01,clean,0,0.00,0.00,0.00,0.00,0.00,0.00,2023-08-01,0,22.36,15.77,0.00,15.77
raleigh,2013,2013-08-15,clean,0,2.13,2.55,0.01,0.02,0.00,0.00,2013-08-01,0,2.33,3.57,0.00,1.02
raleigh,2014,2014-09-15,clean,0,0.38,1.03,0.00,0.01,0.00,0.27,2014-08-01,0,28.00,24.61,36.97,23.58
raleigh,2015,2015-08-01,clean,0,3.34,2.85,0.00,0.00,0.00,0.69,2015-08-01,0,3.34,2.85,0.69,0.00
raleigh,2016,2016-07-15,clean,0,0.71,1.89,0.01,0.04,0.00,0.00,2016-08-01,0,2.51,5.22,31.79,3.33
raleigh,2017,2017-05-15,clean,0,6.44,9.59,0.75,1.01,0.00,0.00,2017-08-01,0,7.93,6.90,0.00,-2.69
raleigh,2018,2018-08-01,clean,0,1.55,3.42,0.01,0.03,0.00,1.61,2018-08-01,0,1.55,3.42,1.61,0.00
raleigh,2019,2019-10-15,clean,0,1.58,2.19,0.00,0.00,0.00,0.12,2019-08-01,0,2.29,2.81,36.99,0.62
raleigh,2020,2020-07-15,clean,0,2.43,5.88,0.01,0.01,0.00,0.00,2020-08-01,0,4.16,11.02,36.97,5.14
raleigh,2021,2021-05-15,clean,0,0.61,5.73,0.01,0.43,0.00,0.00,2021-08-01,0,4.34,5.68,0.04,-0.05
raleigh,2022,2022-06-01,clean,0,0.75,2.69,0.00,0.01,0.00,0.10,2022-08-01,0,2.65,3.16,0.00,0.47
raleigh,2023,2023-04-01,clean,0,0.20,1.04,0.00,0.03,0.00,0.00,2023-08-01,0,20.66,20.80,0.00,19.76
sacramento,2013,2013-06-01,clean,0,4.13,10.06,0.00,0.00,0.00,0.00,2013-08-01,0,58.14,46.50,0.00,36.44
sacramento,2014,2014-04-19,clean,0,0.60,14.14,0.00,3.24,0.00,0.00,2014-08-01,0,67.94,69.98,0.00,55.84
sacramento,2015,2015-05-01,clean,0,1.46,3.44,0.02,0.01,0.00,0.00,2015-08-01,0,5.37,9.42,21.77,5.98
sacramento,2016,2016-04-15,clean,0,6.18,13.15,0.15,2.64,0.00,0.00,2016-08-01,0,0.42,7.89,71.15,-5.26
sacramento,2017,2017-04-15,clean,0,2.74,4.53,0.14,0.39,0.00,0.00,2017-08-01,0,61.80,50.63,0.00,46.10
sacramento,2018,2018-11-08,clean,0,2.72,9.10,0.00,0.01,0.00,0.00,2018-08-01,0,35.63,33.67,0.00,24.57
sacramento,2019,2019-06-01,clean,0,9.90,13.92,0.50,0.44,0.00,0.00,2019-08-01,0,18.63,17.79,51.77,3.87
sacramento,2020,2020-04-01,clean,0,5.08,11.90,0.00,0.33,0.00,0.00,2020-08-01,0,40.63,38.67,0.00,26.77
sacramento,2021,2021-09-01,clean,0,8.35,7.86,0.23,0.13,0.00,0.00,2021-08-01,0,30.64,22.52,16.12,14.66
sacramento,2022,2022-04-01,clean,0,2.75,5.83,0.06,0.60,0.00,0.00,2022-08-01,0,14.33,27.66,0.00,21.83
sacramento,2023,2023-04-15,clean,0,0.23,1.57,0.00,0.01,0.00,0.00,2023-08-01,0,65.27,72.28,0.00,70.71
salt_lake_city,2013,2013-04-01,clean,0,2.72,2.74,0.00,0.00,0.00,0.00,2013-08-01,0,11.19,14.09,0.00,11.35
salt_lake_city,2014,2014-10-15,clean,0,1.98,7.04,0.01,0.06,0.00,0.00,2014-08-01,0,1.78,4.05,14.69,-2.99
salt_lake_city,2015,2015-05-01,clean,0,0.36,1.28,0.00,0.00,0.00,0.00,2015-08-01,0,5.84,10.89,0.00,9.61
salt_lake_city,2016,2016-08-15,clean,0,0.90,3.40,0.00,0.07,0.00,0.00,2016-08-01,0,4.23,7.75,0.00,4.35
salt_lake_city,2017,2017-08-01,clean,0,2.59,5.88,0.05,0.14,0.00,0.00,2017-08-01,0,2.59,5.88,0.00,0.00
salt_lake_city,2018,2018-09-01,clean,0,2.93,6.65,0.00,1.03,0.00,0.00,2018-08-01,0,15.67,14.26,42.11,7.61
salt_lake_city,2019,2019-09-15,clean,0,1.44,2.59,0.01,0.05,0.00,0.00,2019-08-01,0,2.49,5.17,0.00,2.58
salt_lake_city,2020,2020-10-15,clean,0,2.11,3.06,0.05,0.03,0.01,0.00,2020-08-01,0,3.00,5.25,13.35,2.19
salt_lake_city,2021,2021-09-15,clean,0,2.20,5.24,0.07,0.31,0.00,0.00,2021-08-01,0,10.30,17.19,0.00,11.95
salt_lake_city,2022,2022-07-15,clean,0,2.06,2.75,0.00,0.01,0.00,0.00,2022-08-01,0,39.61,40.36,0.00,37.61
salt_lake_city,2023,2023-10-15,clean,0,3.48,5.96,0.04,0.51,0.00,0.00,2023-08-01,0,3.76,7.82,0.01,1.86
san_antonio,2013,2013-08-15,clean,0,2.62,11.03,0.00,0.13,0.00,0.00,2013-08-01,1,0.64,0.52,71.36,-10.51
san_antonio,2014,2014-06-15,clean,0,0.27,1.05,0.00,0.01,0.00,0.00,2014-08-01,0,0.49,0.97,27.30,-0.08
san_antonio,2015,2015-08-01,clean,0,0.00,0.00,0.00,0.00,0.00,0.00,2015-08-01,0,0.00,0.00,0.00,0.00
san_antonio,2016,2016-07-15,clean,0,0.01,0.54,0.00,0.00,0.00,3.40,2016-08-01,0,0.02,0.05,0.00,-0.49
san_antonio,2017,2017-08-01,clean,0,0.00,0.03,0.00,0.00,0.00,0.00,2017-08-01,0,0.00,0.03,0.00,0.00
san_antonio,2018,2018-07-01,clean,0,0.02,0.01,0.00,0.00,0.00,0.00,2018-08-01,0,3.85,12.97,34.96,12.96
san_antonio,2019,2019-07-15,clean,0,0.01,2.28,0.00,0.00,0.00,0.00,2019-08-01,0,0.09,0.95,0.00,-1.33
san_antonio,2020,2020-07-01,clean,0,0.00,0.04,0.00,0.00,0.00,0.00,2020-08-01,0,0.00,0.00,26.62,-0.04
san_antonio,2021,2021-08-15,clean,0,0.21,3.38,0.00,0.02,0.00,0.00,2021-08-01,0,1.75,1.91,0.00,-1.47
san_antonio,2022,2022-08-15,clean,0,0.02,0.08,0.00,0.00,0.00,0.00,2022-08-01,0,9.94,12.96,5.11,12.88
san_antonio,2023,2023-07-01,clean,0,0.10,0.56,0.00,0.01,0.00,0.00,2023-08-01,0,0.26,1.15,0.00,0.59
st_louis,2013,2013-05-01,clean,0,1.46,1.88,0.02,0.03,0.00,0.00,2013-08-01,0,29.03,29.32,0.00,27.44
st_louis,2014,2014-06-01,clean,0,6.14,16.50,0.13,0.23,0.00,0.00,2014-08-01,0,9.10,17.77,0.00,1.27
st_louis,2015,2015-04-01,clean,0,1.10,1.01,0.01,0.00,0.00,0.00,2015-08-01,0,6.82,13.54,35.55,12.53
st_louis,2016,2016-06-15,clean,0,6.34,9.75,0.34,0.33,0.00,0.00,2016-08-01,0,14.82,16.15,35.50,6.40
st_louis,2017,2017-04-15,clean,0,0.27,0.37,0.00,0.00,0.00,0.00,2017-08-01,0,78.64,58.30,8.14,57.93
st_louis,2018,2018-08-15,clean,0,3.42,6.79,0.08,0.25,0.00,0.00,2018-08-01,0,10.55,21.14,0.00,14.35
st_louis,2019,2019-04-19,clean,0,0.63,0.80,0.00,0.00,0.00,0.00,2019-08-01,0,27.37,16.74,25.25,15.94
st_louis,2020,2020-04-05,clean,0,0.33,0.66,0.00,0.00,0.00,0.00,2020-08-01,0,68.85,69.05,0.00,68.39
st_louis,2021,2021-04-15,clean,0,0.29,0.87,0.00,0.00,0.00,0.00,2021-08-01,0,23.91,36.76,35.73,35.89
st_louis,2022,2022-08-01,clean,0,1.42,7.57,0.00,2.50,0.00,0.00,2022-08-01,0,1.42,7.57,0.00,0.00
st_louis,2023,2023-05-01,clean,0,1.45,1.48,0.03,0.02,0.00,0.00,2023-08-01,0,11.49,21.60,1.29,20.12
tampa,2013,2013-06-15,clean,0,1.19,1.16,0.01,0.01,0.00,0.00,2013-08-01,0,5.27,4.48,0.00,3.32
tampa,2014,2014-04-15,clean,0,0.13,0.24,0.00,0.00,0.00,0.00,2014-08-01,0,1.67,4.32,23.57,4.08
tampa,2015,2015-05-15,clean,0,0.41,0.81,0.01,0.02,0.00,0.00,2015-08-01,0,18.28,12.78,0.00,11.97
tampa,2016,2016-05-15,clean,0,0.58,4.07,0.00,0.07,0.00,0.00,2016-08-01,0,16.77,12.18,0.00,8.11
tampa,2017,2017-05-15,clean,0,0.30,1.71,0.00,0.09,0.00,0.00,2017-08-01,0,5.51,5.94,0.00,4.23
tampa,2018,2018-07-01,clean,0,0.60,2.06,0.00,0.02,0.00,0.00,2018-08-01,0,6.20,6.88,30.05,4.82
tampa,2019,2019-04-15,clean,0,1.85,1.79,0.02,0.01,0.00,0.00,2019-08-01,0,2.21,5.11,0.00,3.32
tampa,2020,2020-04-15,clean,0,0.27,1.67,0.00,0.01,0.00,0.00,2020-08-01,0,5.70,5.99,22.24,4.32
tampa,2021,2021-05-01,clean,0,1.88,2.18,0.03,0.05,0.00,0.00,2021-08-01,0,4.02,3.48,0.00,1.30
tampa,2022,2022-05-15,clean,0,1.51,3.63,0.00,0.00,0.00,3.72,2022-08-01,0,12.66,22.14,0.00,18.51
tampa,2023,2023-07-01,clean,0,2.19,2.76,0.01,0.05,0.00,0.00,2023-08-01,0,3.48,5.41,0.00,2.65
