metro,year,emb_0,emb_1,emb_2,emb_3,emb_4,emb_5,emb_6,emb_7,emb_8,emb_9,emb_10,emb_11,emb_12,emb_13,emb_14,emb_15,emb_16,emb_17,emb_18,emb_19,emb_20,emb_21,emb_22,emb_23,emb_24,emb_25,emb_26,emb_27,emb_28,emb_29,emb_30,emb_31
atlanta,2013,-0.4171032,0.89668816,2.5173726,-2.396236,-0.6391261,1.0497632,3.1552832,-0.58378696,-2.5915334,-0.119962394,-1.3142976,2.0876281,-0.86244154,1.1091161,0.66254103,-1.2737342,1.7938145,-0.54900265,-2.1378078,-1.109257,2.4085376,1.695302,0.4627472,1.5484478,-2.2538493,-2.031653,-0.26268026,1.6210003,1.3887646,0.025730073,0.2587862,1.5949436
atlanta,2014,-0.05263353,1.0082434,1.7235991,-1.6198332,-1.6803916,-0.16603324,2.2048602,-0.047355123,-1.1800234,0.14753461,-0.9935047,0.9650456,-1.0686021,0.58729684,-0.5427941,-1.4763018,1.6518624,0.5911933,-0.5494578,-1.3739755,1.0603225,0.876861,0.5497253,1.7764578,-0.8244205,-0.020896956,-0.17512283,0.68648124,1.1803669,0.42315987,1.1218339,0.6067847
atlanta,2015,0.14138919,1.1145442,1.4733523,-1.2195239,-1.4941055,-0.40611637,1.6816088,0.005027406,-0.58460116,0.5654354,-0.76180124,0.74809533,-1.0775892,0.67869407,-0.1940798,-1.2181349,1.0017576,0.74606663,-0.27884394,-1.1315334,0.9305575,0.61926913,0.3962215,1.4194493,-0.121212795,0.21092884,-0.11533821,0.9227833,1.19453,0.1752662,1.1238223,0.2471354
atlanta,2016,0.7236754,1.1191064,1.4056778,0.02922626,-2.6441572,-1.0983746,1.4177693,0.9981147,-0.88469446,-0.46590632,0.62270087,0.22434527,-0.6859857,0.2688916,-0.8757001,-0.082758576,1.5406833,0.7319333,-0.09676411,-1.6300409,-0.1944783,-0.24454725,0.82001644,0.9813098,-0.31978858,1.3432839,-0.8125229,-0.08962067,0.49126694,2.175879,0.9118012,1.3926276
atlanta,2017,0.79187614,1.2869492,1.3358628,0.16402906,-2.4649122,-1.0938581,1.0565687,1.1451554,-0.75779057,-0.42779222,0.8733217,0.14689049,-0.6065003,0.30857906,-0.5713778,0.13786727,1.27806,0.6236562,-0.085755624,-1.5132589,-0.045831002,-0.31809095,0.85937214,0.75695395,-0.20824377,1.1922287,-0.6924271,0.07506304,0.6270211,2.2240224,0.7271602,1.2332126
atlanta,2018,0.69269454,1.292043,1.4865509,-0.33754006,-1.0999203,-0.7160731,0.5962791,0.39565977,0.36912736,0.5627228,0.21322466,0.62664515,-0.8319333,1.0080956,0.76440835,0.026546776,-0.19026771,0.537816,-0.5212449,-0.8963575,1.162497,-0.07570628,0.23908815,0.30251446,0.3785622,-0.02403061,-0.2208075,1.4203066,1.2989464,0.57999325,0.59191966,0.4745778
atlanta,2019,0.7338782,1.3830838,1.5690272,-0.25085145,-1.1334834,-0.8884058,0.53667754,0.43930557,0.5530928,0.7080487,0.33564788,0.6258252,-0.86631024,1.19703,0.8184749,0.18365933,-0.3483761,0.59377897,-0.4617033,-0.89755577,1.1398749,-0.1753932,0.15986493,0.23340958,0.5562117,0.09476037,-0.24265116,1.5243907,1.3463141,0.6453204,0.6508194,0.5688853
atlanta,2021,0.6500203,1.3872302,2.015658,-0.76704806,-0.9021173,-0.64678687,1.1489886,0.10871073,0.27552733,0.96732825,-0.17730303,1.0659571,-1.2779089,1.6034536,1.1542305,-0.14940904,-0.5287937,0.4915294,-0.8498151,-0.91206664,1.5120169,0.09927789,-0.15130642,0.39312175,0.21919845,-0.26816976,-0.39592904,1.9171865,1.468504,0.2178536,0.84933436,0.6879002
atlanta,2022,0.9791788,1.8409111,1.5946503,0.1668774,-1.5705727,-1.4003341,0.33519202,0.9191074,0.5141293,0.60947514,1.0190144,0.39640653,-0.9062354,1.2422594,0.59830844,0.6705062,-0.21047729,0.74827766,-0.2105208,-1.0961869,0.67082167,-0.505436,0.20495132,0.1844835,0.6608088,0.68164885,-0.32584435,1.2293813,1.3293685,1.3335819,0.7668595,0.91467
atlanta,2023,1.0921334,1.8145597,2.2357583,-0.13047932,-1.1341491,-1.1591109,0.44539112,0.55585533,0.4652411,-0.026630223,0.86489916,0.74465114,-0.79992014,1.6119007,1.5561962,1.2460084,-0.47294563,0.18873683,-1.1721506,-0.9624799,1.3158875,-0.80606693,0.03776618,-0.262355,0.18816943,-0.52723247,-0.36134434,1.5582509,1.3466192,1.066023,0.37487262,1.208932
austin,2013,-0.7896231,-0.2909035,1.0028543,-1.7499261,1.2199907,0.418073,1.282215,-0.93796927,-1.6463485,0.022189125,-1.728842,1.4056954,-0.07633104,0.9685557,0.78141356,-0.54180676,1.1786209,-1.2861979,-1.4705787,0.22035457,1.6081619,1.6443241,0.9814451,0.836613,-0.9461399,-2.3952847,0.80750173,1.3998973,0.70747626,-0.017436624,-0.49183917,1.7919523
austin,2014,-0.28922898,-0.05559493,-0.28807384,0.14678524,-0.40460396,-0.59834003,-0.23896912,-0.04766635,-0.5186177,-0.06101901,-0.7625713,0.004823819,-0.54355353,0.0392101,-1.2465653,0.077179864,1.3179457,-0.020735182,0.3805387,-0.4450167,-0.42705104,-0.05851706,0.7252975,1.2734534,0.5211197,0.30878043,0.32906425,-0.6246055,-0.2424688,1.3833369,0.20488137,1.255732
austin,2015,-0.17329887,0.2071442,-0.55299324,0.1433188,-0.4063259,-1.1091301,-0.602146,0.06654271,-0.09326129,0.59619594,-0.9184317,0.22535431,-1.0467082,0.3988656,-1.7260559,0.17799498,0.94233024,0.19475798,0.811774,-0.22610255,-0.40802148,0.007663153,0.51173484,1.6942186,1.2798152,0.8876821,0.8697635,-0.27236044,0.3504741,1.6105944,0.88718426,1.4577711
austin,2016,0.0017655566,0.37203592,0.0135460645,0.32737657,0.18362182,-0.8536399,-0.87365973,-0.37188593,-0.043415833,-0.10584475,-0.52478135,-0.13660046,-0.32524672,0.49895278,-0.13480344,0.81938994,0.6960027,-0.3438384,0.11495966,0.08921255,-0.23423055,-0.3608043,0.29624593,0.55651736,0.7318219,-0.15785559,0.5358253,-0.2064907,-0.020775907,0.98289347,0.03051731,1.2308837
austin,2017,0.016558684,0.47622877,-0.031963147,0.42564735,0.08821926,-0.937957,-0.9435122,-0.2245976,-0.07573946,-0.07206165,-0.43716502,-0.1946559,-0.46452618,0.47059724,-0.3036645,0.88645315,0.7482987,-0.3042329,0.21134764,0.026709285,-0.3585298,-0.43373546,0.28881413,0.63770944,0.82941544,-0.006993592,0.5178858,-0.29660755,-0.047215007,1.1838567,0.087458014,1.3132218
austin,2018,0.05816198,0.5579385,-0.23277396,0.5389114,-0.043082766,-1.0536081,-1.0020145,-0.04567965,-0.06233773,0.20329088,-0.38978124,-0.11783904,-0.74473184,0.44341642,-0.8868443,0.84509754,0.746056,-0.08889977,0.5160124,-0.029226277,-0.57732475,-0.4069004,0.19011533,0.9581476,1.1157149,0.46430784,0.6031692,-0.38087666,0.14625531,1.4593527,0.40861672,1.4519293
austin,2019,0.10202233,0.6366027,-0.23161212,0.4784697,-0.0528349,-1.1935068,-0.9298128,-0.064959526,0.013394084,0.4953483,-0.46740556,0.044357568,-0.89938134,0.57424814,-1.1479843,0.8008691,0.63179386,0.10091709,0.64667434,-0.0070789047,-0.64485013,-0.3229877,0.0347844,1.080737,1.2661456,0.7131733,0.72788155,-0.30198473,0.35133842,1.4499121,0.673825,1.5307337
austin,2021,0.1296339,0.9534672,-0.23555028,0.39846846,-2.3969357,-3.1686656,0.12679935,1.1681135,-0.5596871,1.636917,-0.7232854,0.27836344,-2.8784416,0.49830538,-4.4099736,-0.37487793,2.485963,0.9104468,1.9411019,-1.4785714,-1.5105355,-0.07973131,0.89168555,4.1934996,2.1835778,3.673277,0.7903924,-0.6879217,0.77732944,4.167576,2.8163671,3.077864
austin,2022,0.38523704,1.4092996,0.2909911,1.4445331,-1.9239444,-2.8882117,-0.47063407,1.3838714,-0.8997049,0.14233287,0.6192465,-0.400104,-2.1032796,0.5235126,-2.9521606,1.1325346,2.2091706,0.5301585,1.2936859,-1.446586,-1.906059,-1.2041485,0.4611843,2.3088274,1.3959111,2.7532506,-0.17207378,-1.134345,-0.119816415,4.2263126,1.5017506,2.980332
austin,2023,0.3205004,0.8476743,0.6157514,0.18084659,-0.42784038,-1.2522682,-0.25513634,-0.34902748,-0.182965,0.21571746,-0.15793653,0.31347585,-0.70682496,0.8494975,-0.66136044,0.85800433,0.7830442,0.33904567,0.31820777,-0.15669511,-0.90394527,-0.5124017,-0.38272917,0.7445566,0.80757576,0.6019379,0.20975178,-0.3145896,0.20337754,1.2401451,0.50978196,1.4797921
charlotte,2013,-1.0590626,0.040384836,2.2018929,-2.7372246,0.26141906,1.0867513,2.8593495,-1.5031749,-3.3404126,0.15691851,-1.8876344,2.4020004,-0.5018909,1.477277,0.2523991,-1.3100464,2.346673,-0.9252041,-1.7510701,-0.35806072,1.5616039,2.074414,0.36755487,2.1243172,-1.9753538,-2.5494251,0.16075866,1.2211542,0.57357705,-0.09667617,-0.33079395,2.1921313
charlotte,2014,-0.22489488,0.07614278,1.1775742,-0.8103865,-0.91778487,-0.09403907,1.284733,-0.6880149,-1.5975806,-0.36455142,-0.7163756,0.8977887,-0.09533174,0.55463153,-0.63606215,-0.29121304,2.0198944,0.18043353,-0.41133234,-0.699063,-0.19408879,0.29686433,0.25955382,1.2956227,-0.67515486,-0.56425273,-0.13649492,-0.41988093,-0.20216057,0.74119365,-0.1914236,1.4581268
charlotte,2015,-0.12935725,0.05808209,0.8030518,-0.5754765,-0.6612851,-0.33835453,0.77396756,-0.6281503,-1.0577896,-0.07749511,-0.7307948,0.7202415,-0.21021183,0.5578882,-0.6621458,-0.2351548,1.5746894,0.35303342,-0.049083255,-0.46695238,-0.3239168,0.1354796,0.08822339,1.1495454,-0.25145048,-0.2553448,0.05782935,-0.3607437,-0.1147917,0.5942,0.01884523,1.2044448
charlotte,2016,-0.036043294,0.09993527,0.7975275,-0.42201713,-0.25122872,-0.32674634,0.44065565,-0.7558591,-0.7914411,-0.1985632,-0.57726854,0.56873715,-0.037865415,0.64021575,-0.16187024,0.17142947,1.190001,-0.057695128,-0.28832644,-0.17548889,-0.17361337,0.05518043,0.004271917,0.6720714,-0.08906545,-0.4605257,0.1359416,-0.085898094,-0.03401845,0.44040996,-0.13908948,1.1093196
charlotte,2017,0.07822969,0.20837003,0.5429312,-0.11679305,-0.15730698,-0.6008922,0.016335793,-0.6581036,-0.39961997,-0.10465149,-0.5041593,0.36233714,-0.16745193,0.56890047,-0.22914988,0.38475275,0.88873106,0.048587427,-0.09419269,-0.043076098,-0.33876234,-0.19030449,-0.11697785,0.52104926,0.25855058,-0.20076315,0.21961418,-0.20677689,-0.021290503,0.52636063,-0.011330977,1.0700976
charlotte,2018,0.14892495,0.34001344,0.8251854,-0.1871524,0.38532495,-0.7237751,-0.042973958,-0.7377087,-0.16484657,-0.21982346,-0.47725624,0.39456964,-0.07681137,0.8688538,0.67294383,0.8340246,0.4929599,-0.49057454,-0.60823405,0.15257432,0.23291583,-0.20983416,0.0015248582,0.038953908,0.21106812,-0.84971267,0.3683644,0.34690782,0.234402,0.45472547,-0.24064493,1.2880152
charlotte,2019,0.18289185,0.43233278,0.5267129,0.055245273,0.22307879,-0.83332855,-0.35145843,-0.60207087,0.054207485,-0.033412635,-0.46463168,0.27334923,-0.23900679,0.75362056,0.15806398,0.7938945,0.40714806,-0.1456235,-0.19929492,0.1756807,-0.104178615,-0.32210654,-0.08927075,0.19320765,0.5776656,-0.3636868,0.45845902,0.1083937,0.2014707,0.5139623,0.023736522,1.1294639
charlotte,2021,-0.9782516,0.33272964,1.1184334,-1.5173316,0.24958816,-0.7013235,1.1113342,-1.2598602,-0.8306584,1.599491,-2.3674192,1.4232702,-1.2857633,1.9051769,-1.0228566,-0.9144032,0.94063383,0.4073146,0.40010762,-0.014671627,0.26325196,0.8704148,0.029856049,2.1333578,0.57017744,-0.42603952,0.89375216,0.7603435,0.5915551,-0.14498222,1.2056535,1.4101471
charlotte,2022,0.16984096,1.1659094,1.119816,0.7970132,-1.2095543,-1.7698963,-0.17935295,0.2157656,-1.0745549,-0.8630234,0.44199747,-0.38036513,-0.8134143,0.663863,-0.82088464,1.5717587,1.787724,-0.0015641674,0.20847702,-1.0370002,-1.1913164,-1.3241987,0.2691768,0.91465825,0.3819024,0.8498878,-0.4124937,-1.1901824,-0.80092674,2.7235818,0.22176349,2.1313996
charlotte,2023,0.29674995,0.71986955,0.64257425,-0.0767156,0.02698084,-1.0760338,-0.19422916,-0.61186117,0.13093375,0.61070395,-0.52803326,0.5747127,-0.76645494,1.121191,-0.280536,0.69525063,0.32485425,0.37848264,0.20678818,0.14568481,-0.42010698,-0.23336485,-0.5526355,0.6702038,0.92435545,0.23548274,0.42927846,0.11619577,0.4524044,0.4388909,0.6167116,1.3513447
dallas,2013,0.21747047,1.382979,2.585312,-1.8772745,-0.596765,0.5156013,2.2219906,-0.1080058,-1.1827271,0.22440298,-0.6274844,1.8139284,-1.1917578,1.3065677,1.3896741,-0.53298223,0.55003244,-0.28533566,-2.063081,-1.0791667,2.554876,0.9724096,0.22412893,0.79845387,-1.4956924,-1.7458798,-0.25182703,2.0088918,1.7412316,0.19070843,0.46663845,1.1619297
dallas,2014,0.77992177,1.4775816,1.6499631,-0.41738528,-2.1390245,-0.6814236,1.1714097,0.75285226,-0.33080944,-0.27098888,0.48366684,0.50211465,-0.6078459,0.4991515,0.08288817,-0.3042193,0.8591764,0.68613136,-0.5634131,-1.3823092,0.8158438,-0.007729292,0.7820147,0.66036063,-0.26720953,0.2957266,-0.47176355,0.7788016,1.203179,1.1828357,0.7150961,0.51441586
dallas,2015,0.7740716,1.6448059,1.4418201,-0.2202764,-1.8092647,-0.9989522,0.72533065,0.83382136,0.21310487,0.40101194,0.5309916,0.3904011,-0.8220112,0.7008234,0.2193934,-0.22187886,0.3395823,0.89312595,-0.2817514,-1.244255,0.94065714,-0.015989356,0.71151036,0.5858113,0.40803897,0.49550736,-0.24291652,1.2440089,1.4606558,1.0991986,0.71149224,0.35883477
dallas,2016,1.0031254,1.769268,1.7738891,-0.0010667276,-1.9159651,-0.99722695,0.62291163,1.1091193,0.00090442225,-0.3307292,1.112454,0.40370765,-0.5758948,0.82121843,0.7539307,0.624015,0.31169534,0.49114314,-0.7825575,-1.3942125,1.2072073,-0.5225967,0.829297,0.03262969,-0.13976134,-0.046746716,-0.4421456,1.0237764,1.2211018,1.4846625,0.33283103,0.80348265
dallas,2017,0.9944064,1.8502293,1.6286237,0.0029862616,-1.9489973,-1.1279702,0.54983014,1.1964015,0.29721883,0.0056321016,1.0553286,0.35060006,-0.7269726,0.8723745,0.4912693,0.35679775,0.18851334,0.72034293,-0.53335303,-1.3928311,1.1168329,-0.3471251,0.8622374,0.2165012,0.25850534,0.29027277,-0.36135775,1.2270267,1.479573,1.4358921,0.5210253,0.6535783
dallas,2018,0.9583552,1.9082286,1.6431748,-0.07182651,-1.9926081,-1.2510916,0.63040954,1.1044792,0.44579166,0.46609744,0.89152575,0.40530333,-0.9015414,0.9683599,0.42101097,0.05739492,0.1306324,0.9049466,-0.38531423,-1.402417,1.1256542,-0.18337542,0.7757075,0.44126987,0.543995,0.55113083,-0.3373509,1.4801176,1.6451708,1.3099821,0.73731405,0.53174365
dallas,2019,1.073725,2.0309258,1.80041,0.037365705,-1.9917114,-1.3222741,0.5394289,1.2182647,0.55577374,0.36723858,1.1033531,0.41609567,-0.8965958,1.142873,0.67006075,0.40043968,-0.07391625,0.7944166,-0.5468496,-1.4750838,1.294682,-0.39379898,0.7746121,0.21741638,0.52774805,0.38439173,-0.39630175,1.568786,1.6735256,1.414012,0.6532835,0.67182064
dallas,2021,0.88403773,2.1125228,2.0798726,-0.5852372,-3.1231034,-1.517366,1.7837161,0.9807848,-0.12404208,0.85589117,0.42084342,0.48143122,-1.4755291,0.9113168,-0.42568558,-0.989962,0.9677571,1.4233613,-0.04124377,-1.866857,0.6911196,0.26751554,0.64551324,1.6746376,0.4443447,1.6800636,-0.56133974,1.4235601,1.8985523,1.5549917,1.7299334,0.47979343
dallas,2022,1.4109559,2.5609424,2.1267173,0.64045507,-3.4714754,-2.0112596,1.0050913,2.1709228,-0.59480256,-0.19991179,2.074005,0.04193423,-1.1024317,1.0033414,-0.360785,0.5771877,1.0034748,1.0117031,-0.073305406,-2.1111429,0.27500156,-0.6490135,1.1701034,0.7356781,0.09802912,1.8567059,-0.9561237,0.8151174,1.4853637,3.2504766,1.1673671,1.5981265
dallas,2023,1.3427503,2.5526817,2.3827085,-0.09334763,-2.9038522,-1.6007515,1.064955,1.5334278,0.29439592,0.25479034,1.5359551,0.5171867,-1.0690845,1.3337293,0.48655775,0.22479708,0.26549697,1.1351231,-0.55098057,-1.8460083,1.1082813,-0.44556737,0.8208684,0.54322606,0.35535637,0.91283464,-0.72476286,1.6219496,1.9693269,1.8245523,1.0714635,0.8469876
denver,2013,-0.53481054,0.15336165,1.7027829,-2.1122696,0.51982284,0.72254866,2.1300662,-0.9660929,-2.1871054,0.087298796,-1.4967595,1.8572145,-0.50843716,1.2030951,0.72153616,-0.8300256,1.3407965,-0.91437817,-1.6928126,-0.29141033,1.849803,1.6756997,0.33435532,1.2085562,-1.5275332,-2.174331,0.3057266,1.5189457,0.8389676,-0.097736016,-0.2011737,1.681512
denver,2014,0.13394026,0.19936132,0.4621299,-0.23330604,-0.7045313,-0.37077755,0.4077403,-0.12614107,-0.48079127,-0.094137445,-0.36814898,0.36381617,-0.26506627,0.2021229,-0.4222136,-0.08359891,1.0108794,0.32847306,-0.0015730336,-0.5135731,-0.12616631,0.0031102672,0.29102325,0.661919,-0.06987162,0.083096966,0.062318735,-0.12795308,0.08218198,0.7355701,0.12890401,0.749398
denver,2015,0.16607773,0.46082705,0.23261902,-0.009585282,-0.10449605,-0.7447487,-0.24477768,-0.15196839,0.14366028,0.43314832,-0.43273526,0.332329,-0.47625458,0.57953805,-0.2243429,0.333979,0.2774423,0.34083498,0.21197963,-0.045453254,0.06866569,-0.009298205,0.08096766,0.4693739,0.65956974,0.124067225,0.4899583,0.2943241,0.4704156,0.5397006,0.35171634,0.89013875
denver,2016,0.3385294,0.8878293,0.7684505,0.5101968,-0.1877679,-1.3182544,-0.72061217,0.13556856,-0.0080291815,-0.56811607,0.16458352,-0.28751707,-0.1558262,0.7473597,0.8841953,1.3366504,0.63693565,-0.53133285,-0.33592623,-0.38122815,0.16714278,-0.8033915,0.47117046,-0.11668738,0.250354,-0.4088586,0.24674788,0.12342951,-0.04130014,1.3035908,-0.28957748,1.2487537
denver,2017,0.3665366,0.89038736,0.38386363,0.52700067,-0.0030842647,-1.2613053,-0.9518376,0.20999455,0.37840086,-0.03578061,0.022620246,-0.14891475,-0.4229772,0.835401,0.36697018,1.2464951,0.15369302,-0.26939154,0.023079492,-0.16286513,0.14166397,-0.51388747,0.28783712,0.08369019,0.7170056,-0.0055934787,0.49846962,0.34291422,0.4731766,1.2367175,0.115065515,1.2607938
denver,2018,0.37238935,0.7469525,0.48980486,0.23481978,-0.02204319,-0.96643287,-0.49208927,-0.021262214,0.42564723,0.24766429,-0.12881336,0.23032893,-0.43874437,0.7824214,0.21398616,0.9056851,0.00801111,0.040061243,-0.044832222,-0.09227881,0.25920632,-0.2858206,0.029744528,0.09133746,0.6902428,0.025073417,0.4371335,0.47766078,0.61927617,0.82725734,0.24070463,1.0495223
denver,2019,0.35475874,1.0280012,0.4947368,0.28460625,-0.18235582,-1.2338773,-0.48961115,0.03648989,0.5176567,0.6756089,-0.24132858,0.31815344,-0.8036461,1.0620314,-0.18470186,0.90835685,0.0075055137,0.33968532,0.20737323,-0.16922225,0.13251394,-0.26823616,-0.07849435,0.3857426,1.0294687,0.40072048,0.4744432,0.5514263,0.80200773,0.9869208,0.5941833,1.2935373
denver,2021,-0.897981,0.7072994,1.7493061,-2.0337074,-0.19810855,-0.5018791,1.9092509,-1.1206292,-0.98274416,1.8279525,-2.2622101,1.618062,-1.5939765,1.9330999,-0.55648863,-1.541173,0.8519086,0.5978189,0.09006827,-0.4941677,0.7745673,1.2035438,0.048792683,2.2452033,0.23298255,-0.4400766,0.5061387,1.2533628,0.9789119,-0.50212395,1.5048732,0.9841242
denver,2022,0.5335082,1.3337238,0.87203926,0.43538153,-0.7587458,-1.5425761,-0.25633645,0.20353839,0.07289104,0.33916482,0.3676657,0.19887751,-0.8585671,1.0507305,-0.36745167,1.0282605,0.45364735,0.42380401,0.28218907,-0.45241132,-0.6262067,-0.59810114,-0.23657033,0.5426443,0.8606933,0.8959368,0.019260451,0.14598477,0.5806719,1.5470347,0.7218831,1.4466594
denver,2023,0.5394268,1.0178002,1.5117836,-0.2842748,0.08402742,-1.074163,0.43183488,-0.5367049,0.5161923,0.6285193,-0.40065402,0.96307445,-0.895509,1.8526373,0.8743846,0.98458636,-0.37855798,0.056630798,-0.51105404,0.0017422996,0.34303036,-0.3321819,-0.7559506,0.011815965,0.68277377,-0.21444921,0.07221047,0.9859418,0.8024115,0.24639784,0.54440975,1.4331704
houston,2013,0.46008518,1.4748352,3.063919,-1.9208883,-0.7146582,0.3246978,2.3413227,-0.43991387,-1.0817226,0.40555188,-0.40184253,1.9821889,-1.4027325,1.841426,1.7267784,-0.294959,0.09897942,-0.16153929,-2.069954,-0.8987179,2.3107524,0.6519554,-0.53519046,0.83289117,-1.2658591,-1.5553359,-0.6214528,2.1438415,1.6886585,-0.007117152,0.67575735,1.2986945
houston,2014,0.87618184,1.5460289,2.4416401,-0.52943987,-1.9682376,-0.5701458,1.4162565,0.33347082,-0.5185798,-0.49980912,0.810885,0.94409794,-0.5729646,1.1291449,0.7956729,0.42495465,0.49490792,0.45670095,-1.0949044,-1.2401122,0.85974324,-0.6162798,0.006900929,0.29648846,-0.6257159,-0.24117248,-0.9219086,0.8857139,0.96665275,1.0999249,0.48579386,0.96343505
houston,2015,0.6466253,1.5820421,2.0700517,-0.8911626,-1.6438823,-0.8151988,1.45126,0.080079906,0.0389339,1.2918919,-0.13592564,0.7789908,-1.4309915,1.383496,0.5687983,-0.7597649,-0.04360508,1.0382442,-0.31897932,-1.1211311,0.8984071,0.23346251,-0.26980194,1.0107169,0.5599494,0.53880036,-0.54708856,1.6344948,1.5278337,0.12216242,1.3082894,0.2947864
houston,2016,1.0278498,1.7462728,3.2500842,-1.0206871,-1.5693525,-0.31396532,1.7834569,0.018876337,-1.0770261,-0.8754241,0.7211612,1.4822671,-0.72503245,1.637578,1.9990833,1.178624,0.5135267,-0.40319026,-2.5169406,-1.3790966,1.9516704,-0.65563804,-0.07539783,-0.007547565,-1.3972324,-1.5848839,-0.8948096,1.362151,1.1513377,1.2437627,-0.03801784,1.8774537
houston,2017,0.8973045,1.5174057,2.593813,-1.088902,-1.183343,-0.22864218,1.5585355,0.06298631,-0.2934169,0.021210134,0.22612344,1.4229894,-1.0519767,1.5275095,1.4957104,0.1979524,-0.13364291,0.11003763,-1.6436346,-1.0249717,1.8382292,-0.08214136,-0.2033023,0.35778835,-0.69879675,-0.9207599,-0.68742263,1.7458242,1.5335113,0.4669516,0.5840008,1.0472809
houston,2018,0.911585,1.6979218,2.0225315,-0.5462682,-1.879535,-0.93299204,1.128383,0.51381207,0.16560893,0.59386694,0.56054664,0.69837534,-0.9696504,1.2121053,0.5710034,-0.1622602,0.037870206,0.9403972,-0.44937694,-1.1430937,0.8529705,-0.15669388,0.06853076,0.587792,0.3556673,0.4657768,-0.54696465,1.4068112,1.4973967,0.7322578,0.9814894,0.5147687
houston,2019,1.1391464,1.8315506,2.7752974,-0.4847981,-1.1693101,-0.9276658,0.8807202,0.4253905,-0.09779997,-0.5770359,0.8722687,1.056776,-0.7342701,1.6598059,2.0446067,1.473372,-0.17832798,-0.20525813,-1.9259769,-1.1231414,1.8107008,-0.9023488,0.0957311,-0.2923458,-0.61264414,-1.2549297,-0.5221596,1.5680939,1.3506039,1.1635941,0.11836773,1.6455383
houston,2021,-0.038912915,1.917624,2.947888,-2.3182893,-1.5162033,-0.4447168,2.9388242,-0.469583,-0.6490601,2.028523,-1.4494615,1.6533906,-2.266208,2.069775,0.60437244,-1.9176626,0.34500074,0.94987786,-0.795005,-1.3868324,1.875462,1.1173328,-0.20027569,2.0829177,0.02866143,-0.11546342,-0.4468928,2.376347,1.9651948,-0.6812223,2.0129743,0.34047645
houston,2022,1.1049949,2.21921,2.621727,0.1483035,-2.8780377,-1.4315451,1.2576776,1.133376,-0.64476144,-0.5461302,1.6454734,0.4739324,-0.711759,1.2077911,0.4328848,0.9684304,0.75584036,0.772252,-0.65632933,-1.8063588,0.43317392,-1.0927297,0.4157429,0.24192017,-0.4095245,0.74860203,-1.1116219,0.6637948,1.0245523,2.2533395,0.72265184,1.4260192
houston,2023,1.1477456,2.0915282,2.0816705,-0.22902326,-2.806691,-1.5662677,1.2843024,1.1896011,-0.059017707,0.64069974,1.1679664,0.5418746,-1.1636204,1.1523005,-0.11415219,-0.21607636,0.52834916,1.3025129,-0.013677664,-1.4554175,0.27469113,-0.18617699,0.36751887,0.9763246,0.41981447,1.6676363,-0.75690997,1.2365624,1.7228833,1.7385709,1.445865,0.97203064
jacksonville,2013,-1.8029574,-0.6340447,1.1864874,-2.4032993,0.8586557,1.2416604,2.4312122,-1.2818748,-3.2451975,-0.13381122,-2.4550714,1.940587,-0.03725137,0.80638844,-0.29989687,-1.7479458,2.6276345,-1.4779266,-1.7842519,-0.18959984,1.7567178,2.6611116,1.8286266,2.0794451,-1.748422,-3.0395136,0.7210368,1.1736784,0.42978188,0.03744039,-0.6933301,2.0385823
jacksonville,2014,-1.4519738,-0.68400335,0.4953435,-1.3484281,-0.010788433,0.58607656,1.5912148,-0.78831404,-2.255051,-0.36751935,-1.8956496,1.043694,0.1044424,0.18099457,-1.0021354,-1.3475816,2.5722413,-0.73833966,-0.8211293,-0.4810799,0.71376485,1.7258068,1.8717334,1.9095496,-0.9255813,-1.7369591,0.5482491,0.12960291,-0.09497283,0.66032857,-0.4881748,1.5947262
jacksonville,2015,-1.2777554,-0.6642424,-0.047650315,-0.8618649,0.01520741,0.16434367,0.718,-0.68669003,-1.3413478,-0.13759618,-1.6671226,0.5859832,0.0017702207,0.12399715,-1.0748074,-0.8947551,1.9123132,-0.40639964,-0.19273612,-0.26563588,0.33333477,1.2568315,1.6020184,1.7016643,-0.0702821,-1.0168972,0.7212133,0.0406721,-0.08900849,0.6607045,-0.04738304,1.2481833
jacksonville,2016,-0.84991384,-0.5796525,-0.17048696,-0.14849931,-0.104720615,-0.11875127,0.10196657,-0.5361118,-1.0394711,-0.55111384,-0.9998839,0.072187535,0.24017723,-0.018926527,-0.6844139,-0.17544493,1.8505398,-0.59257305,-0.18447703,-0.21560563,0.08153867,0.5400768,1.4518219,1.2593693,0.10592233,-0.78597444,0.38477796,-0.36523756,-0.47805855,0.91387767,-0.39830822,1.3158696
jacksonville,2017,-0.7841865,-0.4791237,-0.40839988,-0.023186801,0.16281581,-0.3452614,-0.44552612,-0.5133797,-0.5499701,-0.27925643,-1.0555689,-0.0023501068,0.00496836,0.2046445,-0.73522973,0.02114825,1.4239576,-0.59250265,0.07743938,0.089713335,0.08282874,0.37825266,1.189778,1.2348121,0.4980957,-0.5319151,0.63247454,-0.18540722,-0.20333794,0.9156319,-0.11526045,1.2828633
jacksonville,2018,-0.67134845,-0.2942532,-0.18954453,-0.012529908,0.6193344,-0.5795738,-0.7415623,-0.6671131,-0.31772953,-0.39378077,-1.0107948,-0.085915044,0.2722907,0.48265234,0.07346094,0.4825027,1.1090832,-0.8319784,-0.12470207,0.3626257,0.3585133,0.17403322,1.1505883,0.72221786,0.40098828,-1.0063713,0.8589754,0.11710749,-0.061171196,0.74263597,-0.33887836,1.3706827
jacksonville,2019,-0.6603153,-0.2673727,-0.30092856,-0.08629781,0.7147266,-0.70419973,-0.77229756,-0.675194,-0.09722386,-0.19060764,-1.2342187,0.1251125,0.052635208,0.67531854,-0.27847695,0.4071045,0.8527581,-0.6378925,0.024136182,0.5004545,0.38631478,0.23611084,0.98537385,0.79129344,0.6214558,-0.8171281,1.0156515,0.2790197,0.23870677,0.69661444,-0.022966847,1.4226806
jacksonville,2021,-1.2533687,-0.077943705,-0.2573152,-0.9839925,-0.1883901,-1.0877088,0.03818632,-0.7677337,-0.66568476,1.0510416,-2.337517,0.77429825,-1.2133027,0.8666215,-2.2211733,-0.66989106,1.658298,0.3510307,0.8079969,-0.18419985,0.08286234,0.8084362,1.0457449,2.7420583,1.2457,0.22446759,1.4532249,0.06198687,0.40796542,1.1434138,1.2356553,1.5196333
jacksonville,2022,-0.12850302,0.57592314,-0.48279467,0.9722499,-0.31163466,-1.4390444,-1.3138185,0.23665673,-0.30815256,-0.092461355,-0.35144997,-0.49916983,-1.0492735,0.27969357,-1.4395218,1.0429828,1.400088,-0.22517109,0.73278606,-0.3361435,-0.8837041,-0.7774103,0.5698539,1.4812614,1.2943398,0.7804478,0.49063283,-0.89239544,-0.33142522,2.2699301,0.47158346,1.9126652
jacksonville,2023,-0.19029868,0.2733255,-0.0316784,0.13464588,0.55601996,-0.95242006,-0.77400655,-0.70716566,0.024623435,0.12522537,-1.0623013,0.20060793,-0.41231626,0.87224805,-0.5182755,0.729244,0.5676192,-0.16338348,0.16762325,0.41233227,-0.2519403,-0.15307125,0.15995505,0.6669475,0.91481894,-0.2924707,0.8345073,-0.078481205,0.21878642,0.65078276,0.2992101,1.5791024
las_vegas,2013,-2.0406473,-0.24001008,2.5298657,-3.5969398,-0.38614073,1.6039728,4.378448,-1.5191431,-4.9603314,-0.33066136,-2.8507254,2.9693873,-0.58615685,1.1419548,-0.949561,-2.5403728,4.160875,-1.1431277,-2.2363534,-1.182923,1.9132307,3.1272895,1.6820381,3.5254612,-2.9930732,-3.2219722,0.06863275,0.7360963,0.40662482,0.5263181,-0.40416712,2.8898828
las_vegas,2014,-0.9899547,-0.1673595,1.7273884,-1.5495682,-1.6221464,0.6797853,2.9916403,-0.7035422,-3.6587727,-1.3142095,-1.2997818,1.4590359,0.10778247,0.10431704,-1.4095088,-1.0615398,3.99564,-0.44120222,-1.4154906,-1.5543072,0.38999066,1.3206878,1.5858666,2.380534,-2.0442982,-1.5267717,-0.46927798,-0.84438574,-0.55206454,1.5794486,-0.69333625,2.522261
las_vegas,2015,-1.0517502,-0.27928478,0.8109468,-1.2207209,-1.1593559,0.18449606,1.9091743,-0.457929,-2.2062693,-0.49190247,-1.5388614,0.9098521,-0.29863226,-0.081146285,-1.6855415,-1.2165334,2.9984412,0.03927295,-0.36940336,-1.1563632,0.1177175,1.106282,1.4733784,2.2363944,-0.8101871,-0.6994543,0.12386458,-0.68774116,-0.35502037,1.2353643,-0.086212814,1.6339123
las_vegas,2016,-1.0463654,-0.3988036,0.50116026,-1.2103872,0.08628958,0.2583832,1.1908718,-0.6851082,-1.5993418,-0.0041439096,-1.6514267,0.95648426,-0.14124382,0.375553,-0.77942085,-1.1508943,1.8685306,-0.32013613,-0.47169185,-0.3440687,0.5617694,1.3348873,1.2230229,1.5419625,-0.579295,-1.2429742,0.5840622,0.29862785,0.15843832,0.35540003,-0.14324313,1.1583503
las_vegas,2017,-0.552961,-0.32692224,0.24989778,-0.3171654,-0.50085187,-0.03691893,0.59640425,-0.41038546,-1.1570268,-0.48709306,-0.8123551,0.32363585,0.16747434,-0.037500974,-0.7049942,-0.28850582,1.8674798,-0.21335256,-0.26647824,-0.501782,0.045134507,0.4970761,1.0996902,1.1047565,-0.21998702,-0.6485345,0.18870428,-0.3561843,-0.32839337,0.8586055,-0.35756662,1.2014072
las_vegas,2018,-0.38704506,-0.18181106,-0.2598139,-0.018776475,-0.48268878,-0.4355396,0.057155423,-0.032226183,-0.6840865,-0.14919902,-0.818255,0.08899239,-0.42457134,-0.064835235,-1.2444764,-0.12723301,1.4507704,-0.035972483,0.28507683,-0.52344126,-0.32714236,0.14521381,0.9140588,1.2900211,0.3307271,0.19345884,0.29822373,-0.60082906,-0.27188817,1.314343,0.10174954,1.2012289
las_vegas,2019,-0.22873732,-0.07948182,-0.11799192,0.27260295,-0.3903913,-0.47139966,-0.14393958,-0.09208275,-0.7094578,-0.3392646,-0.525436,-0.14997527,-0.2120458,-0.031283166,-0.6951368,0.2472729,1.3647951,-0.23456633,0.113892265,-0.48285586,-0.3111998,-0.10416921,0.79457396,0.8933163,0.208534,-0.0281737,0.13777855,-0.61388093,-0.43992952,1.2190406,-0.18942802,1.2014852
las_vegas,2021,-3.1447747,-0.32501507,2.8810773,-5.339187,2.7665694,1.4252075,4.411025,-2.3451684,-3.9260705,2.2982981,-5.159544,4.0734754,-2.2973843,3.154238,0.16612482,-3.7046409,1.5144229,-1.525816,-2.1556687,0.070595875,4.0529885,4.6084547,1.0770172,3.353149,-2.18567,-4.2462816,1.4109643,3.6953094,1.8164105,-1.3315185,0.91409844,2.4082794
las_vegas,2022,-0.034339048,0.41261557,0.5300022,0.574145,-2.6531448,-1.8384025,1.2213787,0.92876893,-1.8198671,-0.52351177,-0.10032152,-0.0055769384,-1.5429982,-0.22035259,-3.3501031,0.063724756,3.1540463,0.6087504,0.854122,-2.1166334,-1.6088088,-0.62724143,1.1550828,2.6344666,0.09466365,2.413744,-0.71103966,-1.9150245,-0.74106264,3.868713,1.1460432,2.9067194
las_vegas,2023,-0.044090442,0.035607763,0.7669241,-0.3045821,-1.0130619,-0.32746363,0.86736804,-0.39297065,-1.2218667,-0.47798678,-0.48785657,0.5150485,-0.0878353,0.26877838,-0.8293108,0.06527294,1.800643,0.26277718,-0.14464304,-0.69414335,-0.45855597,-0.09368955,0.35253662,0.99019444,-0.37184834,-0.08443117,-0.16443497,-0.7848285,-0.422677,1.0844109,-0.19267699,1.4707237
nashville,2013,-0.784273,-0.20000425,1.501622,-2.1154895,0.99436504,0.66529787,1.8723879,-1.3477573,-2.332586,0.1563103,-1.7972013,1.8404076,-0.31508592,1.301902,0.5702145,-0.7738146,1.5224489,-1.1373246,-1.5605223,0.12127708,1.4317027,1.7299578,0.3897486,1.251897,-1.2465042,-2.4060373,0.5362116,1.3136191,0.5144845,-0.16455847,-0.45761597,2.018348
nashville,2014,-0.67117125,-0.1697084,0.49295127,-1.0025011,0.30318448,-0.30265447,0.5721172,-1.0132955,-1.0440949,0.5645733,-1.6126333,0.97527575,-0.3966751,0.9333167,-0.7231878,-0.6200862,1.2853501,0.07963641,0.13279404,0.029136527,-0.004393965,0.7601665,0.26120487,1.4858183,0.13277213,-0.7168988,0.7169628,0.22518903,0.19611734,0.13333362,0.2959428,1.2084887
nashville,2015,-0.13588414,0.12874568,0.105717786,-0.3923377,-0.24194074,-0.8538882,-0.026429936,-0.5802053,-0.46187252,0.5977864,-1.1175872,0.5619629,-0.75312006,0.67564493,-1.236412,0.040735528,1.1373644,0.41270128,0.52525425,-0.14654103,-0.7124252,0.04070352,-0.012902133,1.5088866,0.74200964,0.26202285,0.55606323,-0.4544235,0.053313367,0.8200902,0.55008775,1.4652807
nashville,2016,-0.0750872,0.61980844,0.61153454,0.35079277,-0.2717412,-1.1666447,-0.49133223,-0.65203714,-0.5876776,-0.47260594,-0.3395088,-0.13188273,-0.39970762,0.68442833,-0.38169882,1.1322794,1.3893135,-0.18240589,-0.027464502,-0.21794292,-0.7414072,-0.76750106,0.06561894,0.7234543,0.60731125,-0.054314986,0.116077624,-0.823304,-0.55144954,1.3795388,-0.09104046,1.582337
nashville,2017,0.019857071,0.83973664,0.2509827,0.61101323,-0.008042045,-1.4259259,-1.0465504,-0.35565588,-0.24765019,-0.23847139,-0.3714258,-0.29118347,-0.6981034,0.7546515,-0.53042656,1.3831635,1.0926841,-0.2776539,0.24797994,-0.06774531,-0.8574512,-0.89821786,0.06677366,0.79581076,1.0741342,0.16350093,0.38887048,-0.6943077,-0.31994572,1.6190565,0.11516255,1.7338532
nashville,2018,0.09581124,0.8526093,0.54170847,0.55837387,0.2656879,-1.5489074,-1.1221999,-0.5531711,0.08427812,-0.4662155,-0.37057573,-0.28829128,-0.33022422,1.0187182,0.3708701,1.5896349,0.8498273,-0.59647125,-0.18755236,0.06579818,-0.2735552,-0.92431134,0.1935195,0.2837495,0.8374824,-0.40876782,0.52272755,-0.23176235,-0.13742161,1.2414523,-0.09790726,1.5987797
nashville,2019,0.10869505,0.89450437,0.40690684,0.5923502,0.31062832,-1.516147,-1.2403922,-0.4439784,0.17917602,-0.33884984,-0.3939563,-0.28283584,-0.45750606,1.0440443,0.1725574,1.605875,0.70984495,-0.5436426,-0.04900667,0.109712526,-0.36783043,-0.87623554,0.14884222,0.3633038,0.95041364,-0.25530785,0.5813311,-0.21031234,-0.043011017,1.3114401,0.035391748,1.6636344
nashville,2021,-1.0489372,0.6671807,0.85286397,-1.2906061,0.004583575,-1.4382766,0.5396378,-1.3340731,-0.518192,2.042434,-2.688659,1.2949128,-1.7786301,2.2648983,-1.927131,-0.48246652,1.0449079,0.7566338,0.8835584,0.01654045,-0.13198256,0.62906194,0.11123898,2.8470993,1.5766485,0.20129214,1.357924,0.50108105,0.60466427,0.514077,1.72399,1.9599322
nashville,2022,0.29899937,1.0630581,0.38618165,0.3846723,-0.008710615,-1.6756095,-0.8825918,-0.5792047,0.022765618,0.4515286,-0.4843365,0.25624943,-0.9792116,1.220242,-0.9647193,1.3636386,0.7835516,0.18724558,0.48944375,0.07720636,-1.2134963,-0.67841643,-0.5045547,1.0545154,1.4268445,0.69162315,0.5959707,-0.45376152,0.23691592,1.4658874,0.6906516,1.9099979
nashville,2023,0.29702824,0.9568472,1.075027,-0.04266195,0.63021004,-1.4967122,-0.27653348,-1.1508243,0.46987864,0.578451,-0.98653215,0.81145215,-0.9719052,2.1217196,0.0724068,1.5272498,0.041535087,-0.062505506,-0.23716816,0.55475414,-0.3061468,-0.46736908,-0.95028645,0.3777314,1.2935625,-0.21941446,0.61586666,0.31702262,0.5248339,0.40192246,0.6218105,2.1989756
orlando,2013,-1.6029152,-0.46668583,1.2076006,-2.3196998,0.6528696,1.2246747,2.4994678,-0.9959449,-3.0810988,-0.21279927,-2.263105,1.8828087,-0.1206616,0.67124355,-0.23009816,-1.7557255,2.4873755,-1.3801033,-1.8219241,-0.40407395,1.9993669,2.595553,1.8112504,1.9497076,-1.9063505,-2.8296213,0.6157245,1.2894992,0.5934431,0.08137068,-0.5697847,1.803002
orlando,2014,-0.9305557,-0.43411076,0.28688967,-0.7125259,-0.9578498,0.2946058,1.3776001,-0.20393795,-1.7496037,-0.75425345,-1.2263215,0.5157897,0.07989821,-0.3927143,-1.2719989,-0.88332367,2.593335,-0.3503587,-0.4658922,-1.0189737,0.35534227,1.0331213,1.803153,1.727008,-0.6790347,-0.75697684,0.17024894,-0.45771378,-0.3539396,1.2724972,-0.3499571,1.3575426
orlando,2015,-0.8799783,-0.39434832,-0.25979218,-0.522331,-0.59019214,-0.058304735,0.589447,-0.099952914,-0.9615174,-0.18887234,-1.2376004,0.28111738,-0.30939102,-0.26433992,-1.3583876,-0.7532748,1.8145697,-0.07354099,0.10685253,-0.6478038,0.2874092,0.9008309,1.5226333,1.6595352,0.11599149,-0.21417676,0.56108373,-0.17961532,-0.04147754,1.1677377,0.14695334,0.9746959
orlando,2016,-0.37624338,0.06155906,-0.054111935,1.3097205,-1.7902586,-0.9278693,0.07303766,1.0990695,-1.7361958,-1.7829072,0.25990546,-1.086555,-0.3026539,-0.6750315,-1.0469357,0.8015479,2.8880017,-0.8172677,0.020509817,-1.6778378,-0.41505137,-0.8601805,2.1416016,1.2369524,-0.48638946,0.4039899,-0.63231534,-1.7386061,-1.6415199,3.1432707,-0.71621263,2.0823178
orlando,2017,-0.5588605,-0.31597567,-0.6879624,0.2186871,-0.3662998,-0.43250394,-0.42283487,0.23057178,-0.29562604,-0.26089898,-0.6674378,-0.2306579,-0.3470648,-0.15077439,-0.95373535,-0.114416674,1.2382691,-0.3861708,0.32721198,-0.3598738,0.33578718,0.36154348,1.367101,1.2072998,0.47010088,0.18614806,0.53259456,-0.100650065,0.029387347,1.3848488,0.11461565,0.9052851
orlando,2018,-0.34863487,-0.075992875,-0.3497811,0.34207627,-0.054955073,-0.58583796,-0.7668894,0.14128488,-0.18817739,-0.4646158,-0.34803134,-0.46451354,0.04532008,0.017446142,0.1745447,0.43197674,1.0492283,-0.7057249,0.0016420409,-0.2068636,0.5530654,0.07776009,1.3475873,0.57511437,0.27838337,-0.44496316,0.58084744,0.09996728,-0.0026938692,1.1311902,-0.2993188,0.9546567
orlando,2019,-0.29197142,-0.02632805,-0.4187011,0.26900485,0.15859708,-0.7285952,-0.9159449,0.07904923,0.117438436,-0.3098011,-0.50318176,-0.3148712,0.008291185,0.20423171,0.20544314,0.46801746,0.7585189,-0.6098116,0.06439032,0.040685784,0.69242513,0.082253106,1.1985606,0.5303677,0.49562138,-0.474779,0.7923744,0.3709736,0.31141537,0.950748,-0.15208381,1.0053715
orlando,2021,-2.5550482,-0.04158979,1.2850862,-2.786845,1.2854955,0.0030114353,1.9066628,-1.5223768,-1.6218281,1.6334852,-4.088282,2.0685422,-1.6418096,2.1176581,-1.0987928,-2.2471917,1.1386037,-0.31780046,-0.23128712,-0.11281881,2.1643422,2.4442327,1.4808323,2.7811656,-0.11027084,-1.7423929,1.4974806,1.9475523,0.9811573,-0.17999077,1.3660016,1.2962406
orlando,2022,-0.13321888,0.9749561,-0.091136195,2.3378668,-2.264111,-2.6047602,-0.85983235,2.1318426,-1.6270871,-1.334186,1.0228945,-1.5572958,-1.567669,-0.46471116,-2.2932317,1.402221,2.9630644,-0.5307265,0.9540943,-2.2492874,-1.156083,-1.5861796,2.0021021,1.95498,0.5191115,2.152453,-0.5267161,-1.7325532,-1.3861611,5.0735855,0.49267912,2.7339616
orlando,2023,0.03919492,0.4883476,-0.34327137,0.77069527,-0.28476784,-0.99041396,-1.1140614,0.51904047,-0.07347748,-0.17169367,0.0062434226,-0.47800976,-0.5100517,0.10345577,-0.36945403,0.7801706,0.78804654,-0.40577236,0.41178536,-0.30626062,-0.036879905,-0.4164285,0.7857111,0.6989841,0.7352432,0.3438272,0.44949973,-0.14153445,0.039067753,1.6989629,0.09403306,1.1828092
phoenix,2013,-0.784884,0.11301436,1.4722482,-2.1217682,0.27094957,0.93046254,2.37493,-0.54826826,-2.4122198,-0.12811689,-1.6172533,1.8050454,-0.418494,0.73760575,0.39616132,-1.2894381,1.7289217,-0.98471195,-1.8097907,-0.65038806,2.1898606,2.0276768,1.0981123,1.3614438,-1.8664415,-2.2677348,0.3680487,1.5279344,1.0022374,0.09505138,-0.16857639,1.516702
phoenix,2014,-0.17792657,0.22885916,0.9059173,-0.52451044,-1.0821676,0.32267147,1.3230292,0.018538825,-1.5109488,-0.9440409,-0.42074007,0.65373963,0.21597715,-0.13054207,-0.12494452,-0.328843,2.05354,-0.4277581,-1.0378778,-1.0534133,0.8961078,0.62968457,1.2225828,0.8772481,-1.2908546,-0.8565431,-0.17837065,0.11452844,0.1657888,1.0436695,-0.46229434,1.1234084
phoenix,2015,0.0063173026,0.22691214,0.45170718,-0.17433278,-1.223543,0.017040327,0.8239745,0.33671448,-0.8708338,-0.7401449,-0.24257444,0.19904616,0.09426163,-0.23882934,-0.25151068,-0.20104009,1.6712682,-0.14935642,-0.49524438,-1.0288067,0.61785185,0.3733818,1.2051013,0.7181553,-0.6577232,-0.2690416,-0.07949765,-0.05781164,0.122355334,1.1524026,-0.28450224,0.83281076
phoenix,2016,0.14416501,0.26840422,0.21878862,0.12852977,-1.2822282,-0.21213657,0.4444517,0.6593081,-0.6659603,-0.68624896,0.022027954,-0.077486515,-0.03686274,-0.29203084,-0.2830811,-0.0033441037,1.445931,-0.18771225,-0.2714746,-1.0679903,0.46998358,0.16086245,1.2820833,0.60649246,-0.41220528,0.053849652,-0.09072973,-0.11588494,0.091393195,1.4537259,-0.2534821,0.8437127
phoenix,2017,0.098499656,0.31459844,0.009108752,0.038010523,-0.96392494,-0.32618576,0.22653496,0.6560274,-0.19946836,-0.24133757,-0.11376469,0.0011384636,-0.24716778,-0.23085177,-0.37163293,-0.21240108,1.0010858,0.03227126,0.026259907,-0.8110784,0.66977984,0.34980127,1.133153,0.67693716,-0.0042293817,0.23971987,0.17141788,0.2504263,0.49710825,1.1381307,0.064360514,0.49014097
phoenix,2018,0.2511584,0.40945432,0.039657623,0.19780613,-1.0653974,-0.47142947,0.09411145,0.81678456,-0.1953976,-0.24338125,0.08914453,-0.061644062,-0.31073692,-0.20749071,-0.3263288,-0.09093769,0.9291155,0.0063987896,0.081342846,-0.87612355,0.5307044,0.19525254,1.1133744,0.6231298,0.028652325,0.3915047,0.08589454,0.22023624,0.4601691,1.3433788,0.06606519,0.5705009
phoenix,2019,0.3315468,0.49959058,0.117411636,0.21886912,-1.1669762,-0.5408733,0.1266127,0.8736741,-0.20154907,-0.22198933,0.16068013,-0.05190696,-0.35668314,-0.17767757,-0.3422079,-0.0898091,0.90886927,0.071092695,0.08663619,-0.92350405,0.49735752,0.15490428,1.0902345,0.62255436,0.060073175,0.46985865,0.033303633,0.23181859,0.4909968,1.4006121,0.12296742,0.590029
phoenix,2021,-0.04860408,0.7898327,0.069305964,-0.17138512,-2.3707316,-1.9188251,0.90890247,1.182139,-0.3215902,1.0302492,-0.51185066,0.09094216,-1.9140106,0.044393543,-2.489005,-1.1672512,1.786685,0.8964471,1.0492355,-1.5773565,0.02834823,0.58735746,1.4022125,2.6815302,1.1795149,2.3575442,0.48171115,0.19304201,0.9285344,2.6713428,1.8354919,1.2576284
phoenix,2022,0.6025318,0.94795996,0.2612459,0.46389753,-1.2117324,-1.0329566,-0.110138364,1.1687242,-0.066679075,0.14929786,0.6582244,-0.07839972,-0.6545667,0.16021734,-0.34160554,0.18220444,0.52524585,0.34499857,0.32932562,-0.8721089,0.20082027,-0.11816322,0.7893322,0.5100157,0.44068843,0.9171761,0.036631852,0.4290471,0.7293728,1.7296107,0.3430626,0.7495204
phoenix,2023,0.61973715,0.99619687,0.71440077,0.22243874,-0.81882966,-0.87222487,-0.21908912,0.7162034,0.18621315,-0.047459148,0.46203375,0.07678481,-0.34869242,0.50677997,0.5732918,0.59872854,0.15744817,0.18722132,-0.18767416,-0.77686757,0.80176127,-0.26323196,0.73883796,0.018051013,0.22547826,-0.03288412,0.11071092,0.7284192,0.7785679,1.1538194,0.027445123,0.7036234
raleigh,2013,-0.70245767,-0.071587436,1.7770721,-2.236856,0.9014607,0.6485217,2.0127337,-1.5149338,-2.4458597,0.21644332,-1.7265956,1.9991999,-0.423725,1.5427746,0.63656354,-0.6778555,1.5630797,-1.0494121,-1.564677,0.12860528,1.3182569,1.6532978,0.06185808,1.358498,-1.2942923,-2.3642077,0.4091236,1.2712274,0.48752275,-0.20577121,-0.41307983,2.131926
raleigh,2014,-0.25943303,0.008968271,0.7141825,-0.5963304,-0.113909066,-0.48919493,0.45100075,-1.024199,-0.9287345,0.1507089,-1.0083218,0.7907744,-0.21770051,0.88517845,-0.58215785,-0.009865098,1.4283395,0.1593985,0.038437493,-0.054636545,-0.48854062,0.16954628,-0.13757879,1.1943252,0.1196147,-0.44094753,0.30664885,-0.29658157,-0.099537484,0.3625055,0.054102227,1.4115158
raleigh,2015,-0.2442663,0.05429425,0.6144068,-0.6797387,0.09920462,-0.58673966,0.32476783,-1.0838492,-0.7624616,0.44233143,-1.189458,0.8607174,-0.3993494,1.0461632,-0.57630676,-0.06568003,1.2286394,0.22678173,0.16705167,0.10707857,-0.4254171,0.21873751,-0.2671483,1.2430385,0.3207354,-0.41203898,0.5105759,-0.12790471,0.09263078,0.2103597,0.25098723,1.3733836
raleigh,2016,-0.08500754,0.7133956,1.1224191,0.4535894,-1.070312,-1.2275796,0.13082626,-0.38880047,-1.3643373,-1.0546254,-0.077635124,-0.23101935,-0.40927517,0.56193507,-0.6884448,1.3149989,2.0906513,-0.09059919,-0.13524377,-0.8823583,-1.0142686,-1.0518831,0.35801193,0.91260517,0.09319623,0.085396096,-0.41872334,-1.4646966,-1.174625,2.0888836,-0.24415094,2.0695
raleigh,2017,-0.03221313,0.44989446,1.0744717,0.006447779,0.00981126,-0.9710641,-0.11352458,-0.91671175,-0.6957239,-0.8037231,-0.28320467,0.08044504,0.15593909,0.85627216,0.7907226,1.2682846,1.3626807,-0.73670316,-0.7468957,-0.07245864,-0.0080335215,-0.59908104,0.2708085,0.15296978,0.034771666,-1.0467466,0.18808284,-0.2642468,-0.421827,0.9497211,-0.6534102,1.6442558
raleigh,2018,-0.006935902,0.36848223,0.2297146,-0.04894144,0.35870725,-0.9241878,-0.46091914,-0.78378963,-0.029590372,0.33200577,-0.9687684,0.44263408,-0.5056246,0.95947796,-0.51506644,0.6458025,0.5949039,0.08961726,0.18257211,0.371451,-0.45248064,-0.13830143,-0.19551215,0.7146583,0.8741489,-0.14471652,0.7270123,-0.1099168,0.22935608,0.4594906,0.37586632,1.5189959
raleigh,2019,0.12435878,0.47859743,0.73656166,-0.021399437,0.5532298,-1.0211853,-0.35562974,-0.95446354,0.07340534,-0.08219458,-0.7272198,0.38752294,-0.27758634,1.1881495,0.29047376,1.0933217,0.41812295,-0.38999894,-0.35814223,0.3992615,-0.11467836,-0.36414635,-0.21609703,0.17668515,0.7053517,-0.6562907,0.5376123,0.13932012,0.22745547,0.48241442,0.0277735,1.5665128
raleigh,2021,-0.4962593,0.55993617,0.625633,-1.062505,-0.31566858,-1.4418956,0.37201235,-1.0405527,-0.45641655,1.6696173,-2.0491912,1.0773985,-1.5655736,1.7250636,-1.8156735,-0.36452174,1.1668106,0.82443,0.91618955,-0.13349183,-0.5316611,0.3942497,-0.13042864,2.5945902,1.3707472,0.51041406,1.0855819,0.007396348,0.48827344,0.6492117,1.5758474,1.864343
raleigh,2022,-0.004041262,1.370686,1.1440942,1.1818296,-1.3078661,-2.3389788,-0.510172,0.22779891,-1.2732394,-1.1008551,0.48263884,-0.6656,-1.147284,0.8078624,-1.2514186,2.088802,2.3171353,-0.11498321,0.4022777,-1.1932878,-1.6238205,-1.7677056,0.32539773,1.2859749,0.66180366,1.1634238,-0.48884332,-1.691611,-1.1800107,3.468019,0.35933924,2.738205
raleigh,2023,0.2959745,0.84266025,0.5954135,0.13904029,0.23677444,-1.2808398,-0.568721,-0.8242604,0.16320322,0.3687178,-0.64897925,0.43714562,-0.73298204,1.2652,-0.32877022,1.1841242,0.44672874,0.11904622,0.08558418,0.2602984,-0.6207813,-0.47008032,-0.5680414,0.6204883,1.1510162,0.09867141,0.6204587,-0.07161582,0.34151763,0.70600146,0.49303666,1.6670753
san_antonio,2013,-1.3002945,-0.5761291,0.7267857,-1.8790821,1.0807121,0.769788,1.5634426,-0.8465223,-2.1302915,-0.20625025,-2.0565102,1.4148452,0.11188908,0.62818974,0.36244804,-1.1336629,1.8085508,-1.5389524,-1.5763543,0.0030711405,1.8805773,2.208481,1.7842816,1.2857518,-1.3098239,-2.6717827,0.88151634,1.3740741,0.65573454,0.08557154,-0.59639287,1.7510985
san_antonio,2014,-0.87652993,-0.4894939,-0.36194876,-0.3391929,-0.30220172,-0.110049665,0.21433783,-0.21183524,-0.7704218,-0.22310679,-1.1272895,0.1571283,-0.15011443,-0.113011256,-1.0625293,-0.5489181,1.5700276,-0.27105695,0.093239,-0.3862608,0.33309636,0.8023241,1.4669077,1.4599874,0.23108467,-0.34193438,0.5949241,-0.056257747,-0.032855757,1.0024667,0.06665501,0.96581256
san_antonio,2015,-0.76011,-0.32163072,-0.5500503,-0.14174166,0.022230856,-0.42195475,-0.4145501,-0.23607752,-0.20753162,0.11080535,-1.1608545,0.120076954,-0.3529322,0.23159261,-0.99930894,-0.22212057,1.0077263,-0.24180365,0.36494398,0.016736869,0.37593696,0.5218027,1.0966487,1.3164707,0.6981148,-0.10233225,0.8578328,0.19350463,0.29699355,0.90235925,0.3232755,0.9517592
san_antonio,2016,-0.4096304,-0.0071243867,0.3500639,0.25336194,-0.09761601,-0.6132467,-0.42217118,-0.18768474,-0.8978688,-1.1064211,-0.34281647,-0.50651854,0.56343687,0.07726614,0.9622425,0.8560212,1.7427807,-1.1740687,-0.7024307,-0.46857125,0.6049671,-0.164368,1.7385877,0.46414348,-0.34358466,-1.3591552,0.39307374,-0.15432602,-0.60116845,1.2294868,-1.0767548,1.4167116
san_antonio,2017,-0.46807292,-0.14513382,0.27354753,-0.11630571,0.4589242,-0.6184138,-0.5213442,-0.30097663,-0.6434959,-0.9573574,-0.58916223,-0.24571589,0.63144475,0.2887643,1.3470863,0.9106907,1.4387046,-1.4336799,-0.874335,-0.1099319,0.962986,0.15443411,1.7702794,0.31436756,-0.40021473,-1.7707456,0.7707303,0.26688042,-0.1966643,1.0132127,-0.9703907,1.6389967
san_antonio,2018,-0.6856837,-0.2769161,-0.44601893,-0.133723,0.3260202,-0.49667066,-0.5849574,-0.27605668,0.027349781,-0.10533303,-1.0863402,0.093755506,-0.019747242,0.38837618,-0.3372216,0.059130862,0.81674576,-0.5215301,0.0885462,0.19170944,0.73666024,0.49286032,1.2671216,0.8545471,0.5722809,-0.5564524,0.97021693,0.53930646,0.4101302,0.7615266,0.06147325,0.9813075
san_antonio,2019,-0.5749581,-0.1832662,-0.12149837,-0.22119509,0.61048806,-0.600001,-0.51082325,-0.40588346,0.055022094,-0.18615563,-1.1112685,0.17981178,0.17995213,0.62825114,0.19722684,0.29529196,0.6543173,-0.640168,-0.19340873,0.32626188,0.8293972,0.45216897,1.2074623,0.51357466,0.39918423,-0.9818195,0.9612485,0.7084462,0.4921899,0.6365419,-0.1262078,1.2233801
san_antonio,2021,-1.4423605,-0.33671573,0.47097862,-1.6317968,0.7445661,0.11250006,1.0715488,-0.86886305,-1.2663224,0.5406661,-2.2139332,1.119658,-0.540437,0.83217186,-0.6140713,-1.4575487,1.2172401,-0.27774644,-0.17754528,-0.0535076,1.1098723,1.6368905,1.1091979,1.5743806,-0.34156388,-1.2197751,0.9739858,0.99353117,0.58001256,-0.015274942,0.45615274,0.8491057
san_antonio,2022,-0.07807525,0.2689273,-0.62290406,0.57915336,-0.9634691,-1.3764101,-0.4848113,0.69258916,-0.38445705,0.2193004,-0.45699322,-0.1387715,-1.2893668,-0.011188444,-2.203021,0.112214014,1.4768609,0.117112845,0.9234388,-0.7830208,-0.6368492,-0.121868946,0.8843327,2.0195446,1.0987556,1.5185016,0.5164906,-0.52240425,0.10340779,2.542206,0.9381995,1.6566797
san_antonio,2023,-0.08810035,0.11489782,-0.24178761,0.16251619,-0.08268577,-0.5461003,-0.5221282,-0.111672394,-0.104028285,0.09559391,-0.6143691,0.015494533,-0.36144882,0.24536636,-0.593155,0.2640006,0.7103442,-0.0673674,0.29290652,-0.059572842,-0.08566842,0.0061585233,0.4349856,0.768879,0.6215852,0.08654818,0.51133704,-0.09521239,0.14832437,0.88398576,0.13563733,1.0119784
tampa,2013,-1.4761491,-0.3962502,1.1701556,-2.2373502,0.5781319,1.1876192,2.4664683,-0.85131264,-2.928001,-0.24644105,-2.1568596,1.8144286,-0.15115064,0.5940123,-0.14678395,-1.7103469,2.352955,-1.3418264,-1.8300313,-0.48722327,2.1152904,2.537821,1.7931477,1.8338264,-1.9271406,-2.7080107,0.574162,1.3540367,0.6740653,0.10073823,-0.4994179,1.6716729
tampa,2014,-1.0282143,-0.40583575,0.4983605,-1.0346413,-0.30130655,0.59198713,1.4957205,-0.3637999,-1.953932,-0.6536899,-1.4104549,0.8616832,0.1614782,-0.060821813,-0.67966765,-1.1447172,2.3588269,-0.76138514,-0.9758084,-0.715775,1.0912704,1.5377146,1.8318057,1.5094544,-1.196829,-1.4634037,0.32910448,0.3321226,0.122875415,0.7468748,-0.48484087,1.261942
tampa,2015,-1.0167025,-0.3619249,-0.0044923276,-0.80443805,-0.24648419,0.17112081,0.7753454,-0.22198415,-1.0256023,-0.19048934,-1.3472495,0.43794262,-0.12110101,-0.12297976,-0.8390788,-0.9991179,1.6779926,-0.2720768,-0.23432305,-0.51279014,0.852519,1.2672334,1.6288078,1.4053835,-0.2694953,-0.7386606,0.62696326,0.3494892,0.25684425,0.68146706,0.007796049,0.7428453
tampa,2016,-0.48402068,-0.3025157,-0.07658835,-0.115402654,-0.48825037,0.008911297,0.20977956,0.04324897,-0.72292054,-0.6034492,-0.5539908,-0.022040904,0.2728582,-0.22462797,-0.24385175,-0.22421286,1.5734885,-0.5527371,-0.32685673,-0.49186078,0.61148953,0.60691804,1.5557284,0.8450087,-0.19686277,-0.6306977,0.31930065,0.051295362,-0.07850019,0.92097425,-0.4487855,0.8545928
tampa,2017,-0.5345397,-0.27171266,0.05363135,-0.4394864,0.2510686,-0.13213412,-0.030154161,-0.16577691,-0.47282642,-0.44797894,-0.81804556,0.16773663,0.39884436,0.13311993,0.5000292,-0.086538896,1.145133,-0.800721,-0.5025922,-0.1376158,1.0469517,0.8100594,1.5610025,0.5026641,-0.29567504,-1.1795963,0.7084404,0.5831989,0.30678585,0.579818,-0.43881893,0.97688746
tampa,2018,-0.5318101,-0.21428859,-0.13917342,-0.36105376,0.28480676,-0.3017459,-0.23764443,-0.13846353,-0.050763775,-0.1819783,-0.8485091,0.13067205,0.19227712,0.2712121,0.2516316,-0.11701527,0.7473829,-0.52015764,-0.19869405,0.02300568,1.0103605,0.74081796,1.3223573,0.52071035,0.16795096,-0.82837796,0.80176854,0.7826785,0.5223799,0.54087806,-0.15492597,0.7588445
tampa,2019,-0.2983925,-0.04291758,-0.24078259,0.02914715,0.14903018,-0.5868151,-0.61680776,0.0421733,0.14981166,-0.24795033,-0.53957206,-0.13154486,0.08945073,0.23436564,0.3016821,0.2715627,0.66510165,-0.49035197,-0.06623194,0.0054357164,0.8293546,0.2940483,1.1733545,0.42604378,0.35091537,-0.6153954,0.76801765,0.56131864,0.4383812,0.7355936,-0.1759679,0.86314213
tampa,2021,-1.0126774,0.2195665,-0.15309033,-0.84891015,-0.8642121,-1.1792408,0.37415588,-0.16521263,-0.4747916,1.0417355,-1.8257049,0.5264188,-1.346377,0.56676203,-2.0108402,-1.0436639,1.6372261,0.47325537,0.7413045,-0.6706028,0.4742013,0.90008265,1.3438473,2.6087337,1.1751038,0.6960381,1.2745018,0.3963185,0.6486281,1.3478224,1.3575342,0.9611635
tampa,2022,0.13100544,0.6800799,-0.470123,1.3401059,-1.0607936,-1.5377495,-1.0068921,1.3249207,-0.53551406,-0.3259624,0.44717652,-0.7877129,-1.0112282,-0.20646968,-1.2909957,0.75066054,1.430805,-0.28377002,0.74124086,-1.0064827,-0.49893948,-0.6591589,1.2000458,1.2571595,0.8237134,1.2528276,0.20182478,-0.57128453,-0.24540141,2.9067836,0.3691059,1.5779331
tampa,2023,0.1285456,0.42338794,-0.1867708,0.37729403,-0.11702478,-0.75673836,-0.77487826,0.2737769,0.21014185,0.17821077,-0.2425495,-0.05724913,-0.3884766,0.32983714,-0.20249504,0.53060126,0.29780006,-0.1221504,0.30467227,-0.15660334,0.2363416,-0.093682416,0.52085114,0.44289586,0.70003784,0.18116967,0.57408905,0.29934824,0.47976014,1.0919223,0.16818403,0.93909216
