metro,year,z_img_0,z_img_1,z_img_2,z_img_3,z_img_4,z_img_5,z_img_6,z_img_7,z_img_8,z_img_9,z_img_10,z_img_11,z_img_12,z_img_13,z_img_14,z_img_15
atlanta,2013,0.044130198657512665,-0.016816597431898117,-0.018762223422527313,-0.011318393051624298,-0.21177580952644348,0.07343312352895737,-0.1680886447429657,0.10648176074028015,0.06590627878904343,-0.04668670892715454,0.1124563217163086,0.035166725516319275,0.025902118533849716,-0.034800607711076736,0.071505606174469,0.11243437230587006
atlanta,2014,0.03393510356545448,-0.015575073659420013,-0.03410373628139496,-0.0011247247457504272,-0.19985546171665192,0.0725865513086319,-0.16137877106666565,0.11062680184841156,0.05318070575594902,-0.048854827880859375,0.11042632162570953,0.029073497280478477,0.022634658962488174,-0.044783856719732285,0.08960539102554321,0.10180564224720001
atlanta,2015,0.04733881726861,-0.025625087320804596,-0.017764851450920105,-0.009614966809749603,-0.21694216132164001,0.06718166172504425,-0.17657071352005005,0.12758994102478027,0.04981674626469612,-0.0533568412065506,0.11618641763925552,0.03408939391374588,0.033380113542079926,-0.03645278513431549,0.07794532179832458,0.11622710525989532
atlanta,2016,0.025601033121347427,-0.026462126523256302,-0.033459633588790894,-0.00354776531457901,-0.1993999481201172,0.08169375360012054,-0.15068043768405914,0.10016036033630371,0.058344896882772446,-0.04290005937218666,0.10275360941886902,0.02546771988272667,0.019540507346391678,-0.05346037447452545,0.08206913620233536,0.1060473620891571
atlanta,2017,0.02699904516339302,-0.017489295452833176,-0.01729833334684372,-0.0035988911986351013,-0.2047489881515503,0.06646650284528732,-0.1663302183151245,0.12455422431230545,0.04685961827635765,-0.04419374838471413,0.11113433539867401,0.033685944974422455,0.030943434685468674,-0.04621307551860809,0.09585258364677429,0.10938584804534912
atlanta,2018,0.042065639048814774,-0.02180030569434166,-0.029124721884727478,0.009221337735652924,-0.19809168577194214,0.05872347950935364,-0.17633503675460815,0.14521516859531403,0.02777033858001232,-0.05487686023116112,0.11788906157016754,0.027912093326449394,0.03388607129454613,-0.05108723044395447,0.10468465089797974,0.10344661772251129
atlanta,2019,0.0391862615942955,-0.03503447771072388,-0.018868960440158844,0.012187555432319641,-0.2060675173997879,0.05195707082748413,-0.17787006497383118,0.14165098965168,0.02087203785777092,-0.05348430573940277,0.12449473887681961,0.021702934056520462,0.048147764056921005,-0.05573330074548721,0.09822256118059158,0.10383179783821106
atlanta,2020,0.02527967095375061,-0.018373165279626846,-0.02571750059723854,2.05114483833313e-05,-0.19553257524967194,0.07163383811712265,-0.16360242664813995,0.12013129144906998,0.04491911083459854,-0.04540764167904854,0.10910983383655548,0.02958909049630165,0.02834300324320793,-0.05249204486608505,0.09238280355930328,0.10312192142009735
atlanta,2021,0.034261055290699005,-0.021912863478064537,-0.014970935881137848,-0.008830465376377106,-0.21515187621116638,0.06629675626754761,-0.17669880390167236,0.12422120571136475,0.04987071081995964,-0.04791571944952011,0.11272129416465759,0.03597602993249893,0.040041498839855194,-0.036288026720285416,0.08274632692337036,0.11780896782875061
atlanta,2022,0.008208299055695534,-0.03747110813856125,-0.013503357768058777,-0.013980410993099213,-0.2110428512096405,0.07384306937456131,-0.13201335072517395,0.08203254640102386,0.06416747719049454,-0.032035909593105316,0.08958644419908524,0.028695566579699516,0.023517794907093048,-0.05588105320930481,0.09162408113479614,0.10994602739810944
atlanta,2023,0.05175534263253212,-0.030559228733181953,-0.02622610330581665,0.008189894258975983,-0.20241351425647736,0.060315363109111786,-0.17570096254348755,0.15050891041755676,0.025542544201016426,-0.057549189776182175,0.12688122689723969,0.028521986678242683,0.028869297355413437,-0.061661142855882645,0.10030872374773026,0.10684199631214142
austin,2013,0.023306988179683685,-0.02222472056746483,-0.03469819575548172,-0.0063401684165000916,-0.2035018503665924,0.05603102967143059,-0.14835059642791748,0.10312379896640778,0.029718035832047462,-0.041061967611312866,0.10859361290931702,0.03199423849582672,0.026168443262577057,-0.06645163893699646,0.11580780148506165,0.09816445410251617
austin,2014,-0.002504950389266014,-0.03787526488304138,-0.024364318698644638,-0.015559069812297821,-0.2050463855266571,0.0672682449221611,-0.12157217413187027,0.06891007721424103,0.049948159605264664,-0.027227047830820084,0.07862304151058197,0.02468608133494854,0.02703433856368065,-0.0665748342871666,0.11262302845716476,0.09600268304347992
austin,2015,-0.015480288304388523,-0.04175573214888573,-0.011913925409317017,-0.022680915892124176,-0.21259990334510803,0.05614209920167923,-0.12419476360082626,0.06449821591377258,0.04161648079752922,-0.021148713305592537,0.08379753679037094,0.030645044520497322,0.03736409544944763,-0.06499990820884705,0.1214355006814003,0.09940780699253082
austin,2016,-0.010046844370663166,-0.04276270419359207,-0.014472812414169312,-0.020764581859111786,-0.2131529152393341,0.055511221289634705,-0.1229187399148941,0.06516971439123154,0.040219374001026154,-0.02409273572266102,0.08389472216367722,0.03006882779300213,0.03633146360516548,-0.06680020689964294,0.1211431473493576,0.1002453863620758
austin,2017,-0.014300909824669361,-0.03942031413316727,-0.018054001033306122,-0.019837237894535065,-0.20629101991653442,0.04994756355881691,-0.12517096102237701,0.06689555943012238,0.037523914128541946,-0.02636721357703209,0.08283273875713348,0.031011851504445076,0.03599407523870468,-0.06925495713949203,0.12596172094345093,0.0961466133594513
austin,2018,0.03665127605199814,-0.014509204775094986,-0.023135658353567123,-0.00437193363904953,-0.19429337978363037,0.05743926763534546,-0.16324517130851746,0.13056299090385437,0.029393156990408897,-0.04237891733646393,0.11076264828443527,0.034482330083847046,0.025795117020606995,-0.0738658756017685,0.10631820559501648,0.10362391173839569
austin,2019,0.027905110269784927,-0.038454242050647736,-0.04520265758037567,0.0033287331461906433,-0.2009989470243454,0.06328555941581726,-0.1288059949874878,0.09569203853607178,0.03736594319343567,-0.043432366102933884,0.09558271616697311,0.01973644457757473,0.02157466858625412,-0.07314016669988632,0.11450713872909546,0.09936176240444183
austin,2020,0.0077749742195010185,-0.03719925135374069,-0.02673358842730522,-0.01259523630142212,-0.20718388259410858,0.05007224157452583,-0.1270855963230133,0.08320611715316772,0.045128803700208664,-0.03153451159596443,0.08568427711725235,0.02865171618759632,0.03061768412590027,-0.06760545074939728,0.12423125654459,0.09769579768180847
austin,2021,0.0525793619453907,-0.018916092813014984,-0.027197591960430145,0.005703933537006378,-0.20560547709465027,0.06199085712432861,-0.15446597337722778,0.10209397226572037,0.03132089972496033,-0.04042944312095642,0.09381866455078125,0.03258393704891205,0.0010342858731746674,-0.0647643506526947,0.1077667847275734,0.11079110205173492
austin,2022,-0.011370756663382053,-0.04087858647108078,-0.022819384932518005,-0.019470661878585815,-0.20697298645973206,0.05347441881895065,-0.12242673337459564,0.06305583566427231,0.04033450409770012,-0.02487158589065075,0.07874345779418945,0.028387242928147316,0.032468028366565704,-0.06863963603973389,0.1260543018579483,0.09749904274940491
austin,2023,0.0006581926718354225,-0.043673790991306305,-0.030199389904737473,-0.010204076766967773,-0.20415842533111572,0.0684613287448883,-0.1201087087392807,0.07170771807432175,0.041067611426115036,-0.028436029329895973,0.08385366201400757,0.02061534859240055,0.029719989746809006,-0.07175184786319733,0.11436809599399567,0.09711125493049622
charlotte,2013,0.041938502341508865,-0.023785226047039032,-0.02030547708272934,-0.01128418743610382,-0.21506452560424805,0.06839621067047119,-0.17315956950187683,0.12492521107196808,0.05287491902709007,-0.052177898585796356,0.11277586221694946,0.036005184054374695,0.031172245740890503,-0.036498844623565674,0.08229202032089233,0.11643734574317932
charlotte,2014,-0.010621347464621067,-0.049368489533662796,-0.024249672889709473,-0.014962159097194672,-0.20694217085838318,0.07252750545740128,-0.11818204820156097,0.06105455383658409,0.04591808095574379,-0.02692105434834957,0.07947481423616409,0.02011033333837986,0.030226130038499832,-0.07141954451799393,0.1055302619934082,0.0983411967754364
charlotte,2015,0.035225965082645416,-0.034515488892793655,-0.02383754402399063,0.009972751140594482,-0.20511965453624725,0.06481485813856125,-0.16273798048496246,0.1329393982887268,0.030493581667542458,-0.046505462378263474,0.1315593421459198,0.026720482856035233,0.033305443823337555,-0.0633259266614914,0.09286707639694214,0.11036796867847443
charlotte,2016,0.03587663173675537,-0.02794276550412178,-0.010807342827320099,-0.002952791750431061,-0.2030360996723175,0.059324171394109726,-0.1744127869606018,0.15068423748016357,0.027651552110910416,-0.048359133303165436,0.12017291784286499,0.03273948282003403,0.03967772796750069,-0.06444568932056427,0.09865343570709229,0.11005331575870514
charlotte,2017,0.03146753087639809,-0.020452454686164856,-0.01789923757314682,0.0009363293647766113,-0.20262372493743896,0.06071896106004715,-0.17097076773643494,0.1358160525560379,0.03277081623673439,-0.044843435287475586,0.11860696971416473,0.030923599377274513,0.03809928148984909,-0.055051058530807495,0.10005015134811401,0.10719110071659088
charlotte,2018,0.015014094300568104,-0.030859310179948807,-0.014068610966205597,-0.012630827724933624,-0.2083357572555542,0.07528488337993622,-0.1414356231689453,0.09058360755443573,0.05795207992196083,-0.0341961607336998,0.0920940488576889,0.02859019860625267,0.02536855638027191,-0.05451111122965813,0.09080888330936432,0.10876189172267914
charlotte,2019,0.035080648958683014,-0.03304227069020271,-0.03371308371424675,0.007513545453548431,-0.20329847931861877,0.06586532294750214,-0.16443771123886108,0.1291741132736206,0.020502964034676552,-0.047674424946308136,0.11171375215053558,0.022482844069600105,0.027866944670677185,-0.06990756094455719,0.10419327765703201,0.11074104905128479
charlotte,2020,0.0234677717089653,-0.034783151000738144,-0.030558381229639053,0.0005810782313346863,-0.199934720993042,0.08015954494476318,-0.14294511079788208,0.09865456819534302,0.04965052008628845,-0.042823731899261475,0.10224860161542892,0.018547391518950462,0.02517048642039299,-0.05970707908272743,0.08773994445800781,0.10266773402690887
charlotte,2021,0.01748461276292801,-0.027343368157744408,-0.013803333044052124,-0.010923869907855988,-0.20474569499492645,0.07578632235527039,-0.14917202293872833,0.10107339918613434,0.05543673783540726,-0.03610570356249809,0.09995788335800171,0.03126943111419678,0.027274087071418762,-0.05344616621732712,0.08681073784828186,0.10968524217605591
charlotte,2022,0.013384978286921978,-0.04003683477640152,-0.03616192564368248,4.0300190448760986e-05,-0.19474707543849945,0.08444884419441223,-0.14495262503623962,0.09062110632658005,0.03957326337695122,-0.04027850553393364,0.10104541480541229,0.01626010239124298,0.029578685760498047,-0.06634439527988434,0.08272258937358856,0.0983571857213974
charlotte,2023,0.032188333570957184,-0.02476874738931656,-0.03619953989982605,0.005998469889163971,-0.19281625747680664,0.06734460592269897,-0.1663825809955597,0.12200845777988434,0.032978355884552,-0.05028639733791351,0.11127102375030518,0.02440945990383625,0.028882421553134918,-0.06190163642168045,0.0942002683877945,0.1000307947397232
dallas,2013,0.07025077939033508,0.004040420055389404,0.003055162727832794,0.021336831152439117,-0.2140471637248993,0.06447385251522064,-0.15735042095184326,0.06552290916442871,0.10517113655805588,-0.02577398344874382,0.07416553050279617,0.08155399560928345,-0.08902144432067871,-0.024657219648361206,0.13655470311641693,0.1594342738389969
dallas,2014,0.056606825441122055,-0.013577740639448166,-0.003556869924068451,-0.0015456005930900574,-0.21754661202430725,0.052814796566963196,-0.15795254707336426,0.08772469311952591,0.04558998718857765,-0.033713199198246,0.09216715395450592,0.05792238563299179,-0.007499986328184605,-0.050794534385204315,0.11419141292572021,0.12031690776348114
dallas,2015,0.06091909110546112,-0.012061402201652527,-0.02352128177881241,0.015294753015041351,-0.20292165875434875,0.06922874599695206,-0.14963901042938232,0.07786990702152252,0.056375596672296524,-0.03830890730023384,0.08265258371829987,0.045831650495529175,-0.03623809292912483,-0.05664292350411415,0.10570527613162994,0.1195719987154007
dallas,2016,0.04742487519979477,-0.006379727274179459,-0.013077154755592346,-0.009096167981624603,-0.21048270165920258,0.06749564409255981,-0.1536310315132141,0.100469671189785,0.04356333985924721,-0.03707503899931908,0.09103386849164963,0.05210000276565552,-0.007081040181219578,-0.0701829046010971,0.11190388351678848,0.11619539558887482
dallas,2017,0.0563616044819355,-0.004121996462345123,-0.01181621104478836,0.00016582757234573364,-0.21608731150627136,0.0558360256254673,-0.15366169810295105,0.08624738454818726,0.048700809478759766,-0.03699415549635887,0.08024264872074127,0.05929876118898392,-0.016559366136789322,-0.04641752690076828,0.12028879672288895,0.11870236694812775
dallas,2018,0.05155470594763756,-0.01952551305294037,-0.021497733891010284,0.0046115294098854065,-0.21169722080230713,0.06013751029968262,-0.16900905966758728,0.12605027854442596,0.033839788287878036,-0.047100767493247986,0.10732822865247726,0.035047903656959534,0.02316433936357498,-0.06222805008292198,0.10549706220626831,0.11139781773090363
dallas,2019,0.06940843164920807,0.010659459978342056,0.009127117693424225,0.028281792998313904,-0.21078401803970337,0.058450013399124146,-0.15320450067520142,0.052992820739746094,0.10582774877548218,-0.03600306808948517,0.062228165566921234,0.08770930767059326,-0.09603764116764069,-0.023404855281114578,0.15071873366832733,0.156288281083107
dallas,2020,0.05191192403435707,-0.00604584813117981,-0.006323523819446564,-0.005956493318080902,-0.21611830592155457,0.05262049287557602,-0.17149068415164948,0.0984937995672226,0.04640912637114525,-0.04206456243991852,0.09993094950914383,0.06054243445396423,-0.012395969592034817,-0.047229472547769547,0.11917945742607117,0.12399430572986603
dallas,2021,0.07472816854715347,0.009615138173103333,0.009589515626430511,0.027661755681037903,-0.2084706723690033,0.045781973749399185,-0.15679030120372772,0.06220989674329758,0.0994865894317627,-0.04066986218094826,0.06720297038555145,0.0828285813331604,-0.08768659085035324,-0.028894439339637756,0.15161876380443573,0.15212112665176392
dallas,2022,0.05878976732492447,-0.011680025607347488,-0.009340696036815643,0.003779761493206024,-0.2042677104473114,0.0637894719839096,-0.13852107524871826,0.07144919037818909,0.04928828030824661,-0.030316365882754326,0.07267838716506958,0.05527257174253464,-0.030574072152376175,-0.05935968831181526,0.11588484793901443,0.11595980823040009
dallas,2023,0.054297227412462234,-0.017574278637766838,-0.02549433708190918,0.0041114166378974915,-0.20783090591430664,0.05812340974807739,-0.15973320603370667,0.11929307878017426,0.03575540706515312,-0.04533562809228897,0.11034160852432251,0.039924219250679016,0.012750375084578991,-0.059261538088321686,0.10789479315280914,0.10976442694664001
denver,2013,0.06619008630514145,-0.0018754936754703522,0.011647477746009827,0.01773650199174881,-0.23544570803642273,0.0652143657207489,-0.1643933206796646,0.045144498348236084,0.09477593004703522,-0.03394275903701782,0.07759647816419601,0.0802268385887146,-0.07961244136095047,-0.015673860907554626,0.13929514586925507,0.15726755559444427
denver,2014,0.03631044924259186,-0.017149951308965683,-0.009337306022644043,0.005435936152935028,-0.20015913248062134,0.05098557472229004,-0.1787319779396057,0.13145504891872406,0.032527219504117966,-0.04824702814221382,0.11507025361061096,0.049903206527233124,0.020036421716213226,-0.05893703177571297,0.11529558897018433,0.11378057301044464
denver,2015,0.038038209080696106,-0.01614941842854023,0.010388471186161041,-0.022160731256008148,-0.22154098749160767,0.06088428199291229,-0.1717914640903473,0.11962799727916718,0.03974207863211632,-0.029344119131565094,0.08832241594791412,0.061254337430000305,0.013189715333282948,-0.07208272814750671,0.1131436675786972,0.13334251940250397
denver,2016,0.049833994358778,-0.022149495780467987,-0.02305430918931961,0.013312950730323792,-0.19986504316329956,0.05708177387714386,-0.16680267453193665,0.14034679532051086,0.03305866941809654,-0.04705634340643883,0.1209004744887352,0.03280302882194519,0.02235247567296028,-0.07059112191200256,0.11231011152267456,0.11114856600761414
denver,2017,0.03759324178099632,-0.03990241140127182,0.00011304765939712524,0.010989472270011902,-0.21076345443725586,0.040427207946777344,-0.15566052496433258,0.14548826217651367,0.0016518725315108895,-0.0510268472135067,0.12826669216156006,0.026468968018889427,0.06472529470920563,-0.08446552604436874,0.11534315347671509,0.09081603586673737
denver,2018,0.06338901817798615,-0.004177026450634003,-0.002498157322406769,0.012746520340442657,-0.20261839032173157,0.048691801726818085,-0.16747945547103882,0.10547710955142975,0.06329317390918732,-0.043679725378751755,0.09992168843746185,0.06847064197063446,-0.0371166467666626,-0.05209563672542572,0.12964865565299988,0.13474531471729279
denver,2019,0.0562053844332695,0.008731326088309288,0.02368294447660446,0.0007639750838279724,-0.22013434767723083,0.054289139807224274,-0.17714852094650269,0.0728648453950882,0.08037006855010986,-0.03778861463069916,0.0696234181523323,0.0814056247472763,-0.05809483304619789,-0.04279002174735069,0.14496925473213196,0.15360905230045319
denver,2020,0.05119007080793381,-0.013321897014975548,-0.020445793867111206,0.0032688602805137634,-0.20405009388923645,0.05546201020479202,-0.15949732065200806,0.11702241003513336,0.03431617096066475,-0.04019322991371155,0.09585566818714142,0.034183062613010406,0.01479171123355627,-0.05937756225466728,0.11679516732692719,0.10853418707847595
denver,2021,0.04603740572929382,-0.01450328715145588,-0.01579388976097107,0.010351046919822693,-0.1968207061290741,0.056335169821977615,-0.16900523006916046,0.12915557622909546,0.03485376760363579,-0.044038958847522736,0.10687519609928131,0.03997037559747696,0.008082362823188305,-0.06735872477293015,0.12005031108856201,0.11473208665847778
denver,2022,0.06121164560317993,-0.00868048332631588,-0.02065904438495636,0.004908129572868347,-0.21681934595108032,0.07543423026800156,-0.16605708003044128,0.09436750411987305,0.06482727080583572,-0.04066995903849602,0.09714823216199875,0.050732649862766266,-0.03428803011775017,-0.0478450171649456,0.10928076505661011,0.13361120223999023
denver,2023,0.03505316749215126,-0.0037888120859861374,-0.003457866609096527,-0.007335208356380463,-0.20419931411743164,0.05487950146198273,-0.17921015620231628,0.11623141169548035,0.040050212293863297,-0.04398602247238159,0.09113191813230515,0.04685068130493164,0.011419381015002728,-0.06291109323501587,0.11840645968914032,0.11660104990005493
houston,2013,0.04042983055114746,-0.01566113531589508,-0.03604360669851303,-0.0028539523482322693,-0.20508973300457,0.07286880910396576,-0.15905199944972992,0.1086757481098175,0.045902688056230545,-0.042976848781108856,0.09969563782215118,0.040047451853752136,0.000522061251103878,-0.0619087889790535,0.09730421006679535,0.11569738388061523
houston,2014,0.035450030118227005,-0.04146132618188858,-0.04032374918460846,0.009511947631835938,-0.2023390829563141,0.06374511867761612,-0.1379092037677765,0.11016682535409927,0.02492801658809185,-0.045503366738557816,0.10672183334827423,0.017578044906258583,0.025402691215276718,-0.07824152708053589,0.11048867553472519,0.10166700184345245
houston,2015,-0.003970394842326641,-0.034204620867967606,-0.020010188221931458,-0.015697777271270752,-0.20677053928375244,0.04944074898958206,-0.12954355776309967,0.07843399047851562,0.03373737633228302,-0.02720664069056511,0.0896347314119339,0.03205268085002899,0.03377753868699074,-0.06458061933517456,0.12991878390312195,0.09951955080032349
houston,2016,0.023563794791698456,-0.04017499089241028,-0.0423005148768425,0.002482973039150238,-0.19971027970314026,0.05415869504213333,-0.13108639419078827,0.10803818702697754,0.034973397850990295,-0.04886479675769806,0.1018250435590744,0.020574307069182396,0.029841355979442596,-0.07517711073160172,0.12239527702331543,0.0964888334274292
houston,2017,0.0051973918452858925,-0.04285306856036186,-0.03675441816449165,-0.007280491292476654,-0.2023557424545288,0.0701630562543869,-0.11107371747493744,0.06501412391662598,0.04819025471806526,-0.03189391642808914,0.07775679230690002,0.019164113327860832,0.021866574883461,-0.07131824642419815,0.11578962206840515,0.09722402691841125
houston,2018,-0.012277725152671337,-0.038886070251464844,-0.024832390248775482,-0.022752024233341217,-0.20782390236854553,0.0595024973154068,-0.11621097475290298,0.05249590426683426,0.05348113924264908,-0.02143045887351036,0.06969135999679565,0.02531728520989418,0.026062503457069397,-0.06384441256523132,0.12404020130634308,0.0955515056848526
houston,2019,0.04621792212128639,-0.026736881583929062,-0.033963754773139954,0.016517505049705505,-0.19755646586418152,0.05930867791175842,-0.15342696011066437,0.1120733693242073,0.036275219172239304,-0.04002545773983002,0.10393042117357254,0.03787468373775482,0.0017634397372603416,-0.05604631453752518,0.1052122712135315,0.10871781408786774
houston,2020,-0.010858033783733845,-0.0392577238380909,-0.02924901247024536,-0.02044011652469635,-0.2056044340133667,0.06203308701515198,-0.11743034422397614,0.05571804195642471,0.05144531652331352,-0.022410035133361816,0.07259991765022278,0.022156380116939545,0.027549676597118378,-0.06510351598262787,0.12352639436721802,0.09361004084348679
houston,2021,0.05392212048172951,-0.01030372641980648,-0.02423492819070816,0.0007503703236579895,-0.2132265716791153,0.06985380500555038,-0.15596018731594086,0.09059593081474304,0.0337250642478466,-0.04270808398723602,0.09276116639375687,0.04426313936710358,-0.01605057902634144,-0.06311823427677155,0.11405353248119354,0.11805427074432373
houston,2022,0.04701553285121918,-0.0015836823731660843,-0.004658102989196777,-0.01169867068529129,-0.2285342514514923,0.07068726420402527,-0.16202552616596222,0.06018238514661789,0.060767143964767456,-0.02080625295639038,0.07698085159063339,0.06836610287427902,-0.05025693029165268,-0.027085643261671066,0.12842121720314026,0.14151893556118011
houston,2023,-0.006662742234766483,-0.043690670281648636,-0.0262257419526577,-0.019292674958705902,-0.20917776226997375,0.060356128960847855,-0.11285218596458435,0.05616653710603714,0.04558463394641876,-0.022717375308275223,0.07299022376537323,0.024059517309069633,0.027019090950489044,-0.07166582345962524,0.12464796006679535,0.09695041179656982
jacksonville,2013,0.04468939080834389,-0.028521418571472168,-0.01514829695224762,-0.010536164045333862,-0.22400882840156555,0.06290371716022491,-0.18043124675750732,0.11566359549760818,0.04760408028960228,-0.058729611337184906,0.11582975089550018,0.040307797491550446,0.0440206378698349,-0.027994025498628616,0.0757090151309967,0.11415204405784607
jacksonville,2014,0.03546082600951195,-0.02377128042280674,-0.0248086117208004,-0.0031264647841453552,-0.2134024053812027,0.06548135727643967,-0.17670607566833496,0.1169973760843277,0.0471167229115963,-0.05604604631662369,0.11174525320529938,0.034638017416000366,0.04112762585282326,-0.032402873039245605,0.08553658425807953,0.10993900895118713
jacksonville,2015,0.04722190275788307,-0.03842199221253395,-0.022124487906694412,0.015230134129524231,-0.20432543754577637,0.04996803402900696,-0.1789294183254242,0.14501553773880005,0.01637427508831024,-0.061273351311683655,0.127354234457016,0.02158130519092083,0.049876537173986435,-0.05672316625714302,0.09552332013845444,0.09783297777175903
jacksonville,2016,0.015200280584394932,-0.03143642097711563,-0.01410423219203949,-0.0148414745926857,-0.20837712287902832,0.0678340271115303,-0.15485838055610657,0.10032576322555542,0.05777197703719139,-0.04586373269557953,0.10091042518615723,0.03329455852508545,0.03589998930692673,-0.05204096436500549,0.08615589886903763,0.10622376203536987
jacksonville,2017,0.027935795485973358,-0.024754811078310013,-0.01613572984933853,-0.007349677383899689,-0.20929300785064697,0.06832938641309738,-0.17013919353485107,0.11951213330030441,0.04349973425269127,-0.05209746211767197,0.1110876202583313,0.03350868821144104,0.04097859561443329,-0.047300491482019424,0.08881058543920517,0.1078890711069107
jacksonville,2018,0.04166579619050026,-0.02601015754044056,-0.02843228355050087,0.003919869661331177,-0.20148992538452148,0.07118299603462219,-0.1712740957736969,0.13117024302482605,0.034174978733062744,-0.05499943718314171,0.12240710854530334,0.0324738547205925,0.031491056084632874,-0.056276749819517136,0.08977491408586502,0.10614310204982758
jacksonville,2019,0.02163379266858101,-0.024858279153704643,-0.008762285113334656,-0.008260093629360199,-0.209367573261261,0.06459573656320572,-0.1662575751543045,0.1199197769165039,0.04233207181096077,-0.04342009872198105,0.11141365021467209,0.03680304437875748,0.035725343972444534,-0.04681147634983063,0.09022874385118484,0.1140659898519516
jacksonville,2020,0.03241937980055809,-0.022077275440096855,-0.02181205525994301,0.009360931813716888,-0.19391751289367676,0.056844811886548996,-0.17185011506080627,0.14869311451911926,0.023353561758995056,-0.047816164791584015,0.12063654512166977,0.030819574370980263,0.03738703951239586,-0.0660068541765213,0.11143144220113754,0.1033448576927185
jacksonville,2021,0.025380738079547882,-0.01850051060318947,-0.021032623946666718,-0.0071772560477256775,-0.2092326283454895,0.06772903352975845,-0.16577869653701782,0.11103992164134979,0.05098700895905495,-0.046952828764915466,0.10774432122707367,0.03295474499464035,0.033636484295129776,-0.03785271570086479,0.08850325644016266,0.10837447643280029
jacksonville,2022,0.02009805291891098,-0.025284944102168083,-0.018039070069789886,-0.0029251202940940857,-0.20146824419498444,0.06563083827495575,-0.15825530886650085,0.11481128633022308,0.03821871057152748,-0.04554571211338043,0.10840237140655518,0.027140649035573006,0.03896176069974899,-0.055042050778865814,0.09679712355136871,0.10011844336986542
jacksonville,2023,0.016711577773094177,-0.01612933911383152,-0.014625303447246552,-0.009251654148101807,-0.2033897340297699,0.06634584814310074,-0.16587798297405243,0.10947684943675995,0.0476808026432991,-0.043562889099121094,0.1034349650144577,0.03317619860172272,0.03393526002764702,-0.04461260139942169,0.09116789698600769,0.10436594486236572
las_vegas,2013,0.07216883450746536,0.01463678851723671,-0.008168935775756836,0.03341232240200043,-0.20843438804149628,0.043074313551187515,-0.16585373878479004,0.049596965312957764,0.10407166928052902,-0.04022246599197388,0.07336869090795517,0.07465953379869461,-0.09032837301492691,0.0038552582263946533,0.15542665123939514,0.1582109034061432
las_vegas,2014,0.061090756207704544,-0.02466711774468422,-0.02902953326702118,0.022016234695911407,-0.19682498276233673,0.05398442968726158,-0.17669907212257385,0.13064050674438477,0.03364010900259018,-0.06116499751806259,0.12291717529296875,0.028957856819033623,-0.002299920655786991,-0.058000437915325165,0.12136918306350708,0.12034396827220917
las_vegas,2015,0.09446032345294952,0.0029349401593208313,-0.006828576326370239,0.05352327972650528,-0.1972929835319519,0.03854231908917427,-0.162515327334404,0.07894548028707504,0.09896073490381241,-0.05476772040128708,0.08775153756141663,0.06564464420080185,-0.08493992686271667,-0.027360551059246063,0.1549680083990097,0.154107928276062
las_vegas,2016,0.041961636394262314,-0.019636111333966255,-0.020516671240329742,0.01476866751909256,-0.19315794110298157,0.038158632814884186,-0.1734703779220581,0.1289229542016983,0.025298187509179115,-0.053598709404468536,0.11279468238353729,0.03413592278957367,0.010348903946578503,-0.05719923973083496,0.12627708911895752,0.10831697285175323
las_vegas,2017,0.03799549490213394,-0.029454652220010757,-0.005701333284378052,0.020283691585063934,-0.19362160563468933,0.03336191177368164,-0.16867810487747192,0.14420580863952637,0.012386013753712177,-0.05169059336185455,0.1279679834842682,0.03721315413713455,0.03840747848153114,-0.06988872587680817,0.13036653399467468,0.10233280062675476
las_vegas,2018,0.0664292573928833,-0.014194171875715256,-0.0282127782702446,0.02740958333015442,-0.18826939165592194,0.04297134652733803,-0.1625191569328308,0.11998818814754486,0.037905897945165634,-0.051406554877758026,0.11205990612506866,0.030661119148135185,-0.014726894907653332,-0.055129218846559525,0.13063377141952515,0.11092786490917206
las_vegas,2019,0.044129785150289536,0.007244858890771866,-0.007520072162151337,-0.009218893945217133,-0.214437335729599,0.060176387429237366,-0.14250600337982178,0.05585348606109619,0.0513734333217144,-0.021901976317167282,0.06556368619203568,0.06867973506450653,-0.04676742106676102,-0.03711872920393944,0.1403200924396515,0.12564939260482788
las_vegas,2020,0.05827648937702179,-0.00033913180232048035,-0.01859530806541443,0.015479907393455505,-0.1927485167980194,0.049709856510162354,-0.16240458190441132,0.10418523848056793,0.052261319011449814,-0.046133771538734436,0.09455816447734833,0.05059153586626053,-0.030110415071249008,-0.04544657841324806,0.1357441246509552,0.11832767724990845
las_vegas,2021,0.057738713920116425,-0.0024123769253492355,-0.01975424587726593,0.010228343307971954,-0.2001875340938568,0.04796699434518814,-0.1680905818939209,0.09932214766740799,0.04967489093542099,-0.04891861602663994,0.09424905478954315,0.04505396634340286,-0.02136414125561714,-0.04371055215597153,0.12600639462471008,0.11710909008979797
las_vegas,2022,0.043995317071676254,-0.011947538703680038,-0.014290928840637207,0.007034078240394592,-0.197203129529953,0.04546406865119934,-0.17139622569084167,0.12210588902235031,0.02926141954958439,-0.04912824183702469,0.10593467205762863,0.0374605655670166,0.009466185234487057,-0.06386379897594452,0.1244310736656189,0.10895584523677826
las_vegas,2023,0.04674156755208969,-0.03133343905210495,-0.01463385671377182,0.00977402925491333,-0.20133808255195618,0.0441388301551342,-0.16777753829956055,0.1488707959651947,0.01209353655576706,-0.053152646869421005,0.12634465098381042,0.025448275730013847,0.04904470965266228,-0.07040435075759888,0.1085507795214653,0.09553234279155731
nashville,2013,0.04230903461575508,-0.02623273804783821,-0.023419257253408432,0.0002449452877044678,-0.2066209614276886,0.06603725254535675,-0.17349711060523987,0.1339016854763031,0.04098355770111084,-0.05258164182305336,0.11949777603149414,0.031212305650115013,0.032929569482803345,-0.04629787057638168,0.08681395649909973,0.11043110489845276
nashville,2014,0.035266634076833725,-0.0169218759983778,-0.014327876269817352,-0.011987239122390747,-0.2118457555770874,0.07517017424106598,-0.16508473455905914,0.11934590339660645,0.06267910450696945,-0.04072366654872894,0.11160703003406525,0.033027566969394684,0.024924185127019882,-0.04192475974559784,0.08126777410507202,0.1186722069978714
nashville,2015,0.029463868588209152,-0.017155049368739128,-0.01438024640083313,-0.0035532787442207336,-0.2073439359664917,0.06184612587094307,-0.17403286695480347,0.12284699082374573,0.04458014294505119,-0.04593858867883682,0.108841672539711,0.03213103860616684,0.038788918405771255,-0.039897192269563675,0.09107423573732376,0.10860219597816467
nashville,2016,0.022500690072774887,-0.03404883295297623,-0.008517295122146606,-0.007605694234371185,-0.20929411053657532,0.06804908812046051,-0.14200863242149353,0.11476602405309677,0.04678795114159584,-0.035250741988420486,0.11327914148569107,0.03468962013721466,0.03450104966759682,-0.06007678061723709,0.09787103533744812,0.11066389083862305
nashville,2017,0.008644050918519497,-0.04154596105217934,-0.014713361859321594,-0.013271525502204895,-0.212770015001297,0.0704379677772522,-0.13071972131729126,0.07936906814575195,0.05555000156164169,-0.03253592178225517,0.08804243057966232,0.024678155779838562,0.03019261360168457,-0.0610383041203022,0.09704612195491791,0.10558941960334778
nashville,2018,0.019021207466721535,-0.030177822336554527,-0.01494007557630539,-0.0036338716745376587,-0.2009861171245575,0.07070942223072052,-0.15592536330223083,0.11215349286794662,0.03869253769516945,-0.040476709604263306,0.10995204746723175,0.0294785313308239,0.038225140422582626,-0.056867729872465134,0.08889997005462646,0.10480381548404694
nashville,2019,0.004422818310558796,-0.035931847989559174,-0.0069663673639297485,-0.014192096889019012,-0.2135743349790573,0.07498933374881744,-0.13556799292564392,0.08263852447271347,0.05585203319787979,-0.03221527487039566,0.0879097506403923,0.029857484623789787,0.021845918148756027,-0.05699048191308975,0.09162981808185577,0.1157945990562439
nashville,2020,0.014640901237726212,-0.027602100744843483,-0.01542382687330246,-0.010854162275791168,-0.20677292346954346,0.06634565442800522,-0.15334439277648926,0.10738109052181244,0.050141192972660065,-0.04124889150261879,0.102619968354702,0.03164662420749664,0.03498247638344765,-0.053163252770900726,0.09479207545518875,0.10714361071586609
nashville,2021,0.023113001137971878,-0.027383117005228996,-0.028156057000160217,0.00041147321462631226,-0.19602042436599731,0.07090148329734802,-0.15750586986541748,0.1230553612112999,0.04052341729402542,-0.04372484236955643,0.1125100627541542,0.030082035809755325,0.031573232263326645,-0.061863094568252563,0.09401178359985352,0.10518153011798859
nashville,2022,0.007595054805278778,-0.0327288955450058,-0.002813003957271576,-0.015875808894634247,-0.21022118628025055,0.0696498453617096,-0.14543266594409943,0.09171749651432037,0.05779040604829788,-0.03470562770962715,0.09652368724346161,0.03501348942518234,0.032550908625125885,-0.05215367302298546,0.08732976019382477,0.10946187376976013
nashville,2023,0.046672455966472626,-0.026375005021691322,-0.029779423028230667,0.0031957998871803284,-0.20267105102539062,0.06984652578830719,-0.17350074648857117,0.1424715220928192,0.03523648530244827,-0.05439857766032219,0.11979807913303375,0.023744938895106316,0.030149690806865692,-0.05307507514953613,0.08880757540464401,0.108796626329422
orlando,2013,0.05205019190907478,-0.04977504163980484,-0.006737083196640015,0.005249299108982086,-0.22220847010612488,0.05066615343093872,-0.17606808245182037,0.12541182339191437,0.03545279800891876,-0.060905665159225464,0.1344698816537857,0.03417482227087021,0.04913102090358734,-0.04521481320261955,0.07245275378227234,0.10863617062568665
orlando,2014,0.013091333210468292,-0.03173312917351723,-0.003646247088909149,-0.015674211084842682,-0.21322976052761078,0.06626801192760468,-0.1443542242050171,0.08553554862737656,0.07297680526971817,-0.03676905110478401,0.0895608514547348,0.03522060066461563,0.026834391057491302,-0.042848046869039536,0.08610793203115463,0.10973726212978363
orlando,2015,0.03616929054260254,-0.03668665140867233,-0.033084288239479065,0.025659143924713135,-0.20008398592472076,0.05227767303586006,-0.18218879401683807,0.14144879579544067,0.007941688410937786,-0.060383982956409454,0.12648636102676392,0.011702228337526321,0.05343370884656906,-0.059900932013988495,0.10243840515613556,0.09555679559707642
orlando,2016,0.017872363328933716,-0.02577093243598938,-0.009355701506137848,-0.017077498137950897,-0.21162112057209015,0.07289835065603256,-0.15043623745441437,0.08426091074943542,0.07399528473615646,-0.03767843171954155,0.08756189793348312,0.03369136154651642,0.022866804152727127,-0.040087178349494934,0.07987308502197266,0.11134086549282074
orlando,2017,0.035132996737957,-0.027931615710258484,-0.018602699041366577,0.004014112055301666,-0.20350131392478943,0.058361832052469254,-0.17363375425338745,0.13935886323451996,0.028988884761929512,-0.05083766579627991,0.1217009425163269,0.03229930251836777,0.04315001517534256,-0.05569171905517578,0.09674546122550964,0.10568408668041229
orlando,2018,0.031156931072473526,-0.019015289843082428,-0.032923050224781036,0.00982075184583664,-0.19653072953224182,0.06550604104995728,-0.1725359857082367,0.12727433443069458,0.03434872627258301,-0.05032023787498474,0.11535297334194183,0.025091150775551796,0.0348481759428978,-0.04660631716251373,0.09423884749412537,0.10051213204860687
orlando,2019,0.019975898787379265,-0.03101101890206337,-0.013078965246677399,0.0009366050362586975,-0.2028764933347702,0.06765463203191757,-0.15775147080421448,0.12580440938472748,0.03822216019034386,-0.03892143815755844,0.11240556091070175,0.029402369633316994,0.033011794090270996,-0.05421491712331772,0.09511035680770874,0.11337299644947052
orlando,2020,0.03621713072061539,-0.021837642416357994,-0.028419464826583862,0.011577047407627106,-0.19522827863693237,0.057907573878765106,-0.17162632942199707,0.14108167588710785,0.0288364477455616,-0.049608245491981506,0.12114240229129791,0.02962602488696575,0.03506222739815712,-0.05567222088575363,0.10447517037391663,0.10183563828468323
orlando,2021,0.023227542638778687,-0.03723852336406708,-0.015469327569007874,0.004367358982563019,-0.2053353637456894,0.060013458132743835,-0.1535559892654419,0.12079856544733047,0.034286580979824066,-0.04004979133605957,0.1098334938287735,0.026345251128077507,0.039891473948955536,-0.057507459074258804,0.09912098944187164,0.10808078944683075
orlando,2022,0.017689336091279984,-0.028714193031191826,-0.014676667749881744,-0.01149248331785202,-0.20850366353988647,0.0653168112039566,-0.1487577110528946,0.09671825915575027,0.06367417424917221,-0.04222851246595383,0.09538756310939789,0.031707122921943665,0.027402371168136597,-0.04808560758829117,0.09151479601860046,0.10662302374839783
orlando,2023,0.03386557847261429,-0.024920254945755005,-0.041220445185899734,0.008678160607814789,-0.19212447106838226,0.07655226439237595,-0.1619071364402771,0.11587075144052505,0.040062762796878815,-0.047018684446811676,0.1065114438533783,0.018631335347890854,0.024918831884860992,-0.054302699863910675,0.0884484201669693,0.10176284611225128
phoenix,2013,0.053892772644758224,-0.014949401840567589,-0.01754535734653473,0.008987277746200562,-0.21144244074821472,0.05053168162703514,-0.1633496731519699,0.10971428453922272,0.04379049316048622,-0.048671744763851166,0.11503048241138458,0.051826708018779755,0.010729649104177952,-0.04481327533721924,0.11183551698923111,0.1093258261680603
phoenix,2014,0.03772156685590744,-0.030201904475688934,-0.03286154568195343,0.020681850612163544,-0.1918744444847107,0.04045131057500839,-0.15228614211082458,0.13397814333438873,0.03675078973174095,-0.04823917895555496,0.10810371488332748,0.03137734532356262,0.029184646904468536,-0.05469084531068802,0.11550247669219971,0.0963028073310852
phoenix,2015,0.04870449751615524,-0.023317109793424606,-0.012393228709697723,0.010567858815193176,-0.20861734449863434,0.053480956703424454,-0.1587570309638977,0.10240598022937775,0.03591546416282654,-0.04614223167300224,0.11224381625652313,0.04094979166984558,0.026434648782014847,-0.06339094042778015,0.09500771760940552,0.09686307609081268
phoenix,2016,0.05202427878975868,-0.035141367465257645,-0.028907671570777893,0.008635036647319794,-0.21109937131404877,0.08234640210866928,-0.1521632969379425,0.09166329354047775,0.049567583948373795,-0.048259004950523376,0.11385032534599304,0.019398223608732224,0.024645674973726273,-0.08292672038078308,0.058152854442596436,0.10182790458202362
phoenix,2017,0.060662031173706055,0.009121742099523544,-0.001162402331829071,0.006039351224899292,-0.20768514275550842,0.054654933512210846,-0.1530977338552475,0.08296540379524231,0.06668519228696823,-0.044011928141117096,0.08609744906425476,0.07514271140098572,-0.04764503240585327,-0.050762441009283066,0.14057263731956482,0.12794934213161469
phoenix,2018,0.058787789195775986,-0.006040723063051701,-0.002057000994682312,0.005910098552703857,-0.2071894109249115,0.04884933680295944,-0.1592532843351364,0.10729967802762985,0.04628671333193779,-0.044162359088659286,0.10605182498693466,0.06117644160985947,-0.012845613993704319,-0.06202784925699234,0.13003003597259521,0.11747291684150696
phoenix,2019,0.05524246022105217,-0.009951161220669746,-0.004044093191623688,0.003608807921409607,-0.21253351867198944,0.04604682698845863,-0.16015437245368958,0.10596141219139099,0.04349694401025772,-0.0452730655670166,0.10792417824268341,0.06069500744342804,0.0013238834217190742,-0.05389748141169548,0.12204137444496155,0.11261309683322906
phoenix,2020,0.05555414780974388,-0.0025293566286563873,-0.013934068381786346,0.0037018880248069763,-0.20412378013134003,0.05527094006538391,-0.1541513204574585,0.0999804213643074,0.05151333287358284,-0.04116186127066612,0.10166465491056442,0.06329577416181564,-0.01996484398841858,-0.05270213261246681,0.12175460159778595,0.11679692566394806
phoenix,2021,0.04699086397886276,-0.014912748709321022,-0.02022993564605713,0.008075229823589325,-0.1991790384054184,0.05250844359397888,-0.15410979092121124,0.11387765407562256,0.03412292152643204,-0.04040994122624397,0.10612347722053528,0.045267023146152496,0.007998566143214703,-0.06102360412478447,0.11451137065887451,0.10432834923267365
phoenix,2022,0.04003278911113739,-0.017279811203479767,-0.01893562823534012,0.008633814752101898,-0.199566051363945,0.05520116910338402,-0.15390750765800476,0.1161079928278923,0.028289327397942543,-0.04282311350107193,0.1124342605471611,0.0439765602350235,0.014064508490264416,-0.06942134350538254,0.11349722743034363,0.10047729313373566
phoenix,2023,0.057507555931806564,-0.0049689169973134995,-0.008499056100845337,0.008019566535949707,-0.2125847339630127,0.053180575370788574,-0.15218934416770935,0.09277616441249847,0.05492909252643585,-0.044819045811891556,0.09895981848239899,0.06124071031808853,-0.01870865747332573,-0.05191121995449066,0.12614214420318604,0.11502678692340851
raleigh,2013,0.025181574746966362,-0.021637266501784325,-0.01917458325624466,-0.0047065094113349915,-0.2005450576543808,0.06665296852588654,-0.16389989852905273,0.12413099408149719,0.040437135845422745,-0.04694470390677452,0.11156637966632843,0.03174252063035965,0.033913835883140564,-0.05901738256216049,0.09700828790664673,0.10419851541519165
raleigh,2014,0.0009462954476475716,-0.03517640382051468,-0.010597355663776398,-0.01534947007894516,-0.20533400774002075,0.0661453902721405,-0.14432767033576965,0.0862790122628212,0.04242203012108803,-0.03613540902733803,0.09440480172634125,0.030222760513424873,0.03735002502799034,-0.06004837155342102,0.09563065320253372,0.10169245302677155
raleigh,2015,0.02631772682070732,-0.019279392436146736,-0.015589214861392975,-0.003872521221637726,-0.20598441362380981,0.0685528963804245,-0.16717779636383057,0.12467481940984726,0.04168369993567467,-0.044477589428424835,0.11190593987703323,0.028924426063895226,0.030797820538282394,-0.04892991483211517,0.09396333992481232,0.1118105798959732
raleigh,2016,0.03719838336110115,-0.022095097228884697,-0.024342216551303864,-0.001260310411453247,-0.20804357528686523,0.06703174114227295,-0.1707739531993866,0.12208861112594604,0.0411907397210598,-0.05147571489214897,0.1165245920419693,0.03179994225502014,0.03594410791993141,-0.04453738033771515,0.08951452374458313,0.1078157126903534
raleigh,2017,0.026274535804986954,-0.02047070302069187,-0.02081754431128502,-0.0026908591389656067,-0.20348018407821655,0.06838824599981308,-0.16595064103603363,0.11703057587146759,0.043779563158750534,-0.04728404060006142,0.11145944148302078,0.03085002861917019,0.03500282019376755,-0.047950778156518936,0.0889240950345993,0.10473331809043884
raleigh,2018,0.023888688534498215,-0.01545480266213417,-0.018357880413532257,-0.004698924720287323,-0.203370600938797,0.06568688154220581,-0.16600365936756134,0.11488637328147888,0.04576175659894943,-0.04597507789731026,0.10743961483240128,0.03278089314699173,0.03457709774374962,-0.0426751933991909,0.09281112253665924,0.10345038771629333
raleigh,2019,0.016870465129613876,-0.029560420662164688,-0.006473958492279053,-0.007153309881687164,-0.20817147195339203,0.06261389702558517,-0.16003507375717163,0.11460056900978088,0.035944417119026184,-0.03714761883020401,0.10724297910928726,0.0356854647397995,0.03911517933011055,-0.051011160016059875,0.09513817727565765,0.11205652356147766
raleigh,2020,0.01396708283573389,-0.031688157469034195,-0.019704192876815796,0.0007108375430107117,-0.1990947425365448,0.062193211168050766,-0.15300403535366058,0.11141335964202881,0.032608140259981155,-0.046619005501270294,0.11220943927764893,0.02943786047399044,0.041476860642433167,-0.0632346123456955,0.09803487360477448,0.09547778964042664
raleigh,2021,0.026523634791374207,-0.016549820080399513,-0.020767278969287872,-8.911639451980591e-05,-0.20422425866127014,0.06460876762866974,-0.17082351446151733,0.11479397863149643,0.040973272174596786,-0.046768393367528915,0.1094021201133728,0.0284936111420393,0.037694837898015976,-0.03957695513963699,0.08867977559566498,0.10303695499897003
raleigh,2022,0.01546342484652996,-0.029976382851600647,-0.026531755924224854,0.002513997256755829,-0.19685037434101105,0.06799957901239395,-0.15265747904777527,0.10659812390804291,0.03348136693239212,-0.045997556298971176,0.10423852503299713,0.019811712205410004,0.03426676616072655,-0.05861911177635193,0.09799259155988693,0.09704224765300751
raleigh,2023,0.011238791048526764,-0.03296168893575668,-0.029544971883296967,-0.0026231780648231506,-0.19911763072013855,0.06873039901256561,-0.1427071988582611,0.09492921829223633,0.035516828298568726,-0.04208360239863396,0.09811220318078995,0.021263783797621727,0.03085196763277054,-0.0634903684258461,0.1030053123831749,0.0964992344379425
san_antonio,2013,0.05633723735809326,-0.032890789210796356,-0.023711860179901123,0.0038855448365211487,-0.2073952555656433,0.05489595979452133,-0.17561908066272736,0.13853564858436584,0.029029274359345436,-0.054860278964042664,0.1257919818162918,0.03019244410097599,0.028072040528059006,-0.06159033626317978,0.09170287102460861,0.11137695610523224
san_antonio,2014,0.050984375178813934,-0.018471071496605873,-0.032686684280633926,0.017851896584033966,-0.19899293780326843,0.056565508246421814,-0.15816856920719147,0.10712232440710068,0.030159564688801765,-0.04538985341787338,0.10489831864833832,0.03520426154136658,-0.006084422580897808,-0.059569235891103745,0.11229775846004486,0.10913647711277008
san_antonio,2015,-0.007897947914898396,-0.03938402980566025,-0.013339810073375702,-0.01392662525177002,-0.21326810121536255,0.041965607553720474,-0.12916278839111328,0.07603912055492401,0.024005580693483353,-0.02669600583612919,0.09670566022396088,0.03709730505943298,0.04178236797451973,-0.06622859835624695,0.127969890832901,0.09863714873790741
san_antonio,2016,0.002039213664829731,-0.03668951988220215,-0.029442019760608673,-0.0074772462248802185,-0.20361298322677612,0.0528671070933342,-0.14031058549880981,0.09416326880455017,0.019824780523777008,-0.0406232513487339,0.10625050961971283,0.02811095491051674,0.04365501552820206,-0.07306946814060211,0.12016533315181732,0.0921328067779541
san_antonio,2017,-0.013232951052486897,-0.041092224419116974,-0.021848082542419434,-0.015257082879543304,-0.20440000295639038,0.049617916345596313,-0.12709155678749084,0.06888606399297714,0.030597707256674767,-0.029305316507816315,0.0864429920911789,0.02895796112716198,0.03846141695976257,-0.0701819360256195,0.12495007365942001,0.09301485121250153
san_antonio,2018,-0.003126639872789383,-0.03137221187353134,-0.027634039521217346,-0.019781500101089478,-0.20645982027053833,0.051211364567279816,-0.1405298113822937,0.09094613790512085,0.03204963728785515,-0.03642039746046066,0.0984710305929184,0.03672509640455246,0.038063324987888336,-0.06937321275472641,0.12388254702091217,0.09920765459537506
san_antonio,2019,0.04477158188819885,-0.02331957221031189,-0.02675999328494072,0.011499084532260895,-0.19737593829631805,0.05137574300169945,-0.1511254608631134,0.10719166696071625,0.03368580713868141,-0.04183788597583771,0.10132008045911789,0.03501003235578537,0.012912183068692684,-0.05964165925979614,0.10823066532611847,0.1000722348690033
san_antonio,2020,0.01306749228388071,-0.026690881699323654,-0.029474705457687378,0.0011330917477607727,-0.19744451344013214,0.05008131265640259,-0.14584951102733612,0.11725307255983353,0.018683748319745064,-0.04207959026098251,0.11488238722085953,0.03461825102567673,0.03842440992593765,-0.07082954049110413,0.12404705584049225,0.09344163537025452
san_antonio,2021,0.05406118929386139,-0.0193773340433836,-0.027706172317266464,0.004522107541561127,-0.2098589539527893,0.05984267592430115,-0.16615690290927887,0.12315092980861664,0.028240187093615532,-0.0473393015563488,0.10525795072317123,0.028488069772720337,0.02182025834918022,-0.05930888280272484,0.1090848445892334,0.10912369191646576
san_antonio,2022,-0.014768143184483051,-0.03737926855683327,-0.015505895018577576,-0.0218871608376503,-0.20915718376636505,0.047139137983322144,-0.12996482849121094,0.06802736222743988,0.03707796707749367,-0.029394561424851418,0.08404888212680817,0.034608855843544006,0.03894473612308502,-0.06583263725042343,0.12376366555690765,0.09573353826999664
san_antonio,2023,0.03852377086877823,-0.014722753316164017,-0.03418873995542526,0.009616650640964508,-0.19338998198509216,0.05636527016758919,-0.16058431565761566,0.12092950940132141,0.028498882427811623,-0.04714348539710045,0.11282605677843094,0.03762410581111908,0.014365150593221188,-0.05538485199213028,0.11500553786754608,0.09964844584465027
tampa,2013,0.03673296421766281,-0.025118181481957436,-0.019080452620983124,0.00022415071725845337,-0.20667590200901031,0.06459116190671921,-0.17215430736541748,0.127217635512352,0.037380654364824295,-0.05308060720562935,0.11859586089849472,0.03062003292143345,0.04050526022911072,-0.04972459003329277,0.09124934673309326,0.10544675588607788
tampa,2014,0.01315414160490036,-0.03398994356393814,-0.017234884202480316,-0.014612756669521332,-0.21192124485969543,0.06805721670389175,-0.13765235245227814,0.07891526073217392,0.07115060836076736,-0.039775773882865906,0.08245385438203812,0.029985718429088593,0.02171165868639946,-0.04949962720274925,0.0924982875585556,0.10752540826797485
tampa,2015,0.034970469772815704,-0.020945224910974503,-0.025179319083690643,-0.0013631433248519897,-0.21006876230239868,0.06749401986598969,-0.17399877309799194,0.11052282154560089,0.044428735971450806,-0.05291708558797836,0.11549967527389526,0.03469175845384598,0.03681812435388565,-0.03484010696411133,0.0817537009716034,0.1056000292301178
tampa,2016,0.042054057121276855,-0.03315378725528717,-0.019562967121601105,-0.0037328973412513733,-0.21443985402584076,0.06186297535896301,-0.17208124697208405,0.12412668764591217,0.043570030480623245,-0.05943162739276886,0.11505860090255737,0.03454318642616272,0.03494861721992493,-0.04242628067731857,0.0878995880484581,0.11239881813526154
tampa,2017,0.046165693551301956,-0.028675410896539688,-0.017451219260692596,0.0004481971263885498,-0.2155989110469818,0.056738853454589844,-0.18329498171806335,0.13238641619682312,0.040779922157526016,-0.05936654657125473,0.11631383001804352,0.03462526947259903,0.042117275297641754,-0.03177100419998169,0.0884837880730629,0.11200177669525146
tampa,2018,0.03375144675374031,-0.021853581070899963,-0.02036271244287491,-0.0021798089146614075,-0.20506452023983002,0.06742791086435318,-0.1690596342086792,0.1293386071920395,0.042546916753053665,-0.04738859087228775,0.11663608998060226,0.03137776255607605,0.03404083847999573,-0.049647219479084015,0.0917494148015976,0.10985298454761505
tampa,2019,0.02212708443403244,-0.035091765224933624,-0.010547161102294922,-0.0002115592360496521,-0.21060889959335327,0.07108274102210999,-0.15253184735774994,0.11184066534042358,0.03612400218844414,-0.04156605526804924,0.10220825672149658,0.02488916553556919,0.029280100017786026,-0.05579454079270363,0.0933341532945633,0.11676338315010071
tampa,2020,0.03853042051196098,-0.021939249709248543,-0.027334872633218765,0.002594679594039917,-0.20332925021648407,0.06910423934459686,-0.17407900094985962,0.1372385025024414,0.0368112213909626,-0.053183745592832565,0.11648518592119217,0.028324542567133904,0.028698265552520752,-0.049981340765953064,0.09710951894521713,0.11071449518203735
tampa,2021,0.01526295579969883,-0.019158881157636642,-0.014773562550544739,-0.010160066187381744,-0.20805102586746216,0.06042039021849632,-0.16163453459739685,0.10620254278182983,0.05596378073096275,-0.04281850531697273,0.09865959733724594,0.0357392281293869,0.03165963292121887,-0.040170714259147644,0.09528015553951263,0.10765334963798523
tampa,2022,0.02563321590423584,-0.021808220073580742,-0.013380646705627441,-0.00011505931615829468,-0.20115923881530762,0.05985122174024582,-0.16793356835842133,0.1319039911031723,0.03117281012237072,-0.04562440142035484,0.11448583751916885,0.035066865384578705,0.03864766284823418,-0.05379848927259445,0.10326530039310455,0.1057218611240387
tampa,2023,0.03212430700659752,-0.017892735078930855,-0.027279909700155258,-0.0023289844393730164,-0.2075766623020172,0.07264050841331482,-0.17107197642326355,0.11584410071372986,0.048234451562166214,-0.04982628673315048,0.11025940626859665,0.02914099209010601,0.02946929633617401,-0.03832993283867836,0.08567757159471512,0.1105029284954071
