metro,year,kl,recon_img_err,recon_econ_err,anomaly_score,z_0,z_1,z_2,z_3,z_4,z_5,z_6,z_7,z_8,z_9,z_10,z_11,z_12,z_13,z_14,z_15
atlanta,2013,0.09647062420845032,0.4633978605270386,1.8969128131866455,2.4567811489105225,0.089948446,-0.015980843,-0.019214131,0.016804986,-0.2096027,0.0038236752,-0.15833345,0.13039763,0.08319111,-0.050829586,0.12366642,0.030556787,0.060943305,0.042462863,0.09188728,0.09345156
atlanta,2014,0.09011608362197876,0.585290789604187,0.97369384765625,1.6491007804870605,0.032641836,-0.01583229,0.0080430135,-0.005979635,-0.20456617,-0.01078406,-0.2011868,0.11793186,0.025887894,-0.03798497,0.084666885,-0.009474552,0.0763624,-0.03447029,0.10726703,0.08493368
atlanta,2015,0.09752523899078369,0.5697577595710754,0.9592156410217285,1.6264985799789429,0.030593958,-0.014752074,0.030176163,-0.018255591,-0.22283512,-0.03438253,-0.2209313,0.107757874,0.015435846,-0.034706034,0.08412441,-0.0029524805,0.10203044,-0.016579248,0.105141364,0.0848788
atlanta,2016,0.09407612681388855,0.4805724322795868,1.4174491167068481,1.9920977354049683,-0.014638566,-0.0129433125,0.02143851,-0.015192017,-0.21935375,-0.012360528,-0.21272187,0.078773886,0.00724668,-0.020609764,0.08855121,0.0062889266,0.10113479,-0.047728524,0.10735526,0.07351109
atlanta,2017,0.09542888402938843,0.5361769199371338,1.3168234825134277,1.9484293460845947,-0.007367446,-0.0021025576,0.027964354,-0.004662581,-0.21453626,-0.018468477,-0.21902242,0.08667968,-0.00036356974,-0.023910012,0.094421625,0.008701975,0.10488118,-0.034997232,0.11718685,0.062389046
atlanta,2018,0.09636807441711426,0.48745885491371155,0.9800629019737244,1.5638898611068726,0.032232426,-0.0018719174,0.017783858,0.007534489,-0.21380045,-0.032370917,-0.21320829,0.08727068,-0.012397676,-0.05241658,0.09013177,-0.0016268863,0.10146514,-0.013084225,0.13330978,0.048042804
atlanta,2019,0.10251301527023315,0.7971097826957703,1.1812970638275146,2.0809199810028076,0.030154228,-0.009719579,0.03626257,0.0030102506,-0.22928141,-0.04840219,-0.22806026,0.07394484,-0.020634282,-0.05345692,0.09027839,-0.0057913465,0.11443456,-0.01136186,0.12837444,0.049572833
atlanta,2021,0.0963711142539978,1.4611907005310059,1.579205870628357,3.136767864227295,0.034457978,-0.018642675,0.042091325,-0.024590977,-0.22858301,-0.040137604,-0.20925613,0.09698473,0.013652763,-0.04313583,0.07708158,0.010574774,0.11682804,-0.006979339,0.103804484,0.08165477
atlanta,2022,0.10537835955619812,0.504920244216919,1.5779287815093994,2.188227415084839,-0.024430484,-0.018881964,0.062210567,-0.041420646,-0.25177315,-0.043506056,-0.21299255,0.032550268,-0.0049920892,-0.01999693,0.07045424,-0.0001605578,0.109864436,-0.03895432,0.1224715,0.07433891
atlanta,2023,0.09359937906265259,0.92564857006073,1.6491210460662842,2.6683688163757324,0.056357004,-0.02130378,0.0189967,0.014611274,-0.20988427,-0.034592137,-0.19899298,0.10115964,-0.006661698,-0.068032734,0.101321,-0.005054029,0.09788474,-0.027954567,0.12357539,0.047050957
austin,2013,0.08553102612495422,0.38338518142700195,1.1800129413604736,1.6489291191101074,0.046677683,-0.038140774,-0.028230097,0.01676283,-0.20733264,0.012958527,-0.13342455,0.123161145,0.044275265,-0.03641758,0.12301547,0.048410676,0.044601534,-0.008226529,0.13567655,0.10076833
austin,2014,0.08368903398513794,0.48487651348114014,0.4568236172199249,1.0253891944885254,0.006919173,-0.053741436,0.021548778,-0.031720445,-0.21368715,0.00878555,-0.15007533,0.06893037,0.043928336,-0.046543136,0.07154858,-0.010194062,0.0655324,-0.09547406,0.09645106,0.08314018
austin,2015,0.09637254476547241,0.5767627358436584,1.0496703386306763,1.7228057384490967,-0.00033407845,-0.04995127,0.058448993,-0.058080785,-0.23607115,-0.020598374,-0.18421666,0.042388707,0.030169206,-0.03650369,0.049128115,-0.026754318,0.09041266,-0.08622687,0.084681876,0.088676244
austin,2016,0.08380869030952454,0.5649891495704651,0.4578080475330353,1.106605887413025,0.00028058048,-0.053095754,0.023562595,-0.049545564,-0.22800797,0.0084849745,-0.13152325,0.058311608,0.044891898,-0.034178838,0.06736834,0.008417029,0.06013026,-0.09151397,0.111922055,0.096325666
austin,2017,0.08561968803405762,0.5992273688316345,0.5172181725502014,1.2020652294158936,-0.009884021,-0.054277133,0.029505588,-0.047382228,-0.22302693,0.005143076,-0.14062247,0.05786652,0.04145564,-0.03752226,0.067297,0.000621662,0.06541861,-0.10453083,0.106427014,0.08847059
austin,2018,0.07794642448425293,0.5553832054138184,0.7437962293624878,1.377125859260559,0.03276919,-0.051514436,0.0162047,-0.0018520802,-0.19297065,0.01269497,-0.15987375,0.10152679,0.013019361,-0.05603804,0.07534043,-0.004194405,0.0633205,-0.099727735,0.085482255,0.08547775
austin,2019,0.08752778172492981,0.5954025387763977,0.9469398260116577,1.6298701763153076,0.011691949,-0.06775506,0.015737034,-0.012485519,-0.21837446,-0.003529124,-0.18146624,0.06741431,0.01057951,-0.04746655,0.06904758,-0.024559623,0.07128722,-0.09628893,0.08116237,0.092158034
austin,2021,0.1737731397151947,0.7198119759559631,8.190488815307617,9.084074020385742,0.1255212,-0.069546476,0.012943849,-0.028497398,-0.22824028,-0.07243682,-0.33590007,0.18059227,0.013111615,-0.08477842,0.022805676,-0.026098706,0.084812164,0.012314953,0.013755783,0.18428575
austin,2022,0.11069789528846741,0.645698070526123,5.156712055206299,5.913107872009277,0.012107377,-0.063291974,0.060517333,-0.04762318,-0.24611212,-0.045797773,-0.2223068,0.077400185,0.04093043,-0.024060013,0.052934602,-0.03018999,0.100793645,-0.055305395,0.08491502,0.111737594
austin,2023,0.0940377414226532,0.5629767179489136,0.7121772170066833,1.3691916465759277,-0.004666372,-0.054294817,0.048113056,-0.0447639,-0.23249471,-0.01666715,-0.17969373,0.04466643,0.021763667,-0.040259317,0.06116429,-0.025697803,0.08915399,-0.08864708,0.09047263,0.08129859
charlotte,2013,0.09857472777366638,0.5378267765045166,2.233275890350342,2.8696773052215576,0.07645846,-0.028054513,-0.014080457,0.006176211,-0.20218357,0.015625946,-0.15509221,0.14837812,0.10335358,-0.0513897,0.12603948,0.041352168,0.061634757,0.029447868,0.08221815,0.10246098
charlotte,2014,0.07759952545166016,0.5783964395523071,0.29631078243255615,0.9523067474365234,-0.002651278,-0.057399996,-0.0005186349,-0.027921237,-0.2079212,0.03944978,-0.12524883,0.06453204,0.040219747,-0.03582131,0.079366274,0.004333389,0.0491652,-0.07739496,0.10886738,0.088942856
charlotte,2015,0.07879751920700073,0.5987001657485962,0.2140505611896515,0.891548216342926,0.044622116,-0.031045476,0.0030340776,-0.0029578283,-0.19459608,0.019421168,-0.14507392,0.117882356,0.033413876,-0.050614778,0.098372415,0.0120178955,0.04425744,-0.063152805,0.10505254,0.087004706
charlotte,2016,0.08565130829811096,0.49476876854896545,0.1940651684999466,0.7744852304458618,0.056964494,-0.019769397,0.019023277,-0.0196914,-0.20169497,-0.0024841502,-0.16617598,0.13504341,0.03526654,-0.054735553,0.085632876,0.02028194,0.048396587,-0.05096708,0.12156905,0.0870444
charlotte,2017,0.08353361487388611,0.4527081251144409,0.29048267006874084,0.8267244100570679,0.053351745,-0.017125577,0.015500963,-0.00992614,-0.20429005,-0.007123053,-0.16787046,0.12169235,0.028104221,-0.04746148,0.086174674,0.0025114107,0.060917616,-0.051220883,0.11808866,0.08331474
charlotte,2018,0.08323401212692261,0.47048670053482056,0.44914710521698,1.0028678178787231,0.040339086,-0.036610916,0.013961434,-0.030449845,-0.22773898,0.00946939,-0.15200555,0.07960759,0.054715972,-0.04979249,0.07802643,0.011351285,0.061657675,-0.040393144,0.10251555,0.093244344
charlotte,2019,0.0872170627117157,0.848671555519104,0.44994404911994934,1.385832667350769,0.056052703,-0.03540629,0.0021213815,-0.008543558,-0.21113324,-0.014741741,-0.17367853,0.11954897,0.01261579,-0.059023313,0.081937104,-0.00361464,0.062154673,-0.064782225,0.119608775,0.09163983
charlotte,2021,0.10850486159324646,0.4497610926628113,1.8265600204467773,2.3848259449005127,0.08537458,-0.055188928,0.04750461,-0.02936083,-0.22850156,-0.039710924,-0.20287278,0.1325807,0.07062223,-0.054349836,0.06893144,-0.039737605,0.08444754,-0.016167708,0.06594637,0.11909856
charlotte,2022,0.08093476295471191,0.5481457710266113,1.7524381875991821,2.381518602371216,0.01896673,-0.05305068,0.038025983,-0.014901906,-0.2245481,0.009736024,-0.16032135,0.06307611,0.045632046,-0.0283668,0.09263359,-0.004072614,0.083547235,-0.062318042,0.060864992,0.08554027
charlotte,2023,0.09078595042228699,0.3454511761665344,0.767650842666626,1.203887939453125,0.052197635,-0.04999505,0.025550663,-0.009150937,-0.22131707,-0.023089528,-0.19707432,0.09038909,0.011082762,-0.06500589,0.07683115,-0.023989713,0.08717663,-0.048982512,0.085990615,0.08614543
dallas,2013,0.11467552185058594,4.061789035797119,1.6736059188842773,5.850070476531982,0.061001044,-0.011509391,0.01233881,0.015885852,-0.26009467,-0.033711337,-0.20191765,0.07962453,0.03708598,-0.0515006,0.09704254,0.06561859,0.021521997,0.026693411,0.1701959,0.15317617
dallas,2014,0.10035178065299988,1.2143546342849731,0.9324461221694946,2.24715256690979,-0.0013953187,-0.016770748,0.05701088,-0.0059950575,-0.24620956,-0.055907138,-0.22118895,0.049797192,-0.04076206,-0.02694243,0.09151249,0.013994338,0.109985106,-0.033348907,0.13693951,0.06511296
dallas,2015,0.10155963897705078,1.5400946140289307,1.173127293586731,2.814781665802002,0.0028208834,-0.01589629,0.036254875,0.0027378127,-0.24738683,-0.044713885,-0.2318718,0.043852396,-0.047432385,-0.026992206,0.08750455,0.0035533528,0.09777553,-0.025253762,0.12667432,0.07182951
dallas,2016,0.09027016162872314,0.8199113607406616,1.295137882232666,2.205319404602051,0.012929333,-0.018771894,0.022069208,0.012833908,-0.22713119,-0.022283673,-0.19652212,0.057178255,-0.026293151,-0.039697282,0.10642466,0.005364257,0.093360834,-0.040450975,0.12156963,0.054450355
dallas,2017,0.10301464796066284,1.5619549751281738,1.4156548976898193,3.080624580383301,0.0044953786,-0.013015744,0.040062867,0.005257614,-0.2498787,-0.052461244,-0.22747457,0.040450312,-0.047710232,-0.030078528,0.093956396,0.0114114545,0.10615759,-0.014576778,0.13386285,0.06365462
dallas,2018,0.10686278343200684,0.7091382145881653,1.6052770614624023,2.4212779998779297,0.009654137,0.0024507549,0.03558203,0.008939788,-0.2406179,-0.054526955,-0.2333301,0.05975545,-0.034790404,-0.03798093,0.08943505,0.008766541,0.111971125,0.0008517131,0.14788833,0.05463738
dallas,2019,0.11640837788581848,7.083406448364258,1.8148467540740967,9.01466178894043,0.0027614837,-0.012529192,0.057654224,0.027340293,-0.2607649,-0.061808787,-0.253949,0.0051180497,-0.03932656,-0.03199261,0.091390714,0.010898046,0.08236269,0.00799273,0.15580429,0.092449024
dallas,2021,0.14359816908836365,5.860213756561279,2.791537284851074,8.79534912109375,-0.025691058,-0.015300481,0.10086817,-0.008658767,-0.28426582,-0.10290433,-0.2947838,0.031774156,-0.053680874,-0.00985194,0.06869359,0.01354903,0.13142233,-0.009592541,0.14831148,0.10438137
dallas,2022,0.11557543277740479,1.5579509735107422,3.713946580886841,5.387472629547119,-0.025547951,-0.028242536,0.059524737,-2.618134e-05,-0.26594386,-0.06794477,-0.252334,0.03931447,-0.05280658,-0.0066314973,0.10036141,0.014079864,0.11435587,-0.01740358,0.12826875,0.088103436
dallas,2023,0.11354005336761475,0.6166719198226929,2.77923583984375,3.5094480514526367,-0.0064330464,-0.0045650247,0.045877345,0.019260757,-0.25922725,-0.06877915,-0.23418085,0.05137065,-0.034524057,-0.032439996,0.09426589,0.017743213,0.1233692,0.006975889,0.15792176,0.06270934
denver,2013,0.09311097860336304,7.291057109832764,1.2394182682037354,8.623586654663086,0.06316252,-0.019584166,0.003942907,0.022440113,-0.23514557,0.020465937,-0.16172393,0.07303801,0.08667535,-0.035640433,0.109421626,0.08221755,-0.020283423,0.03050904,0.14213179,0.14090112
denver,2014,0.08680233359336853,0.9753301739692688,0.21342487633228302,1.2755573987960815,0.03672851,-0.016644156,0.02228529,-0.006018333,-0.20907968,-0.014460444,-0.18829726,0.11099012,0.0057128947,-0.053113386,0.08853693,0.0147594465,0.05768951,-0.060232203,0.13816094,0.08060689
denver,2015,0.09514930844306946,1.2404448986053467,0.4378691613674164,1.7734633684158325,0.021055385,-0.014681425,0.04900252,-0.027620569,-0.22949302,-0.047698542,-0.2087097,0.096026115,-0.017280327,-0.034603022,0.076760374,0.009076486,0.08443747,-0.06349453,0.14153281,0.0867895
denver,2016,0.08606961369514465,0.9546595811843872,0.7269331216812134,1.7676622867584229,0.06696995,-0.030393396,0.018036269,-0.0019060895,-0.21031594,0.009261299,-0.17822866,0.11682506,0.036662705,-0.056431647,0.09090558,0.020007629,0.04373803,-0.07389087,0.099778734,0.09443353
denver,2017,0.08585670590400696,0.9591884613037109,0.6937633752822876,1.738808512687683,0.05607812,-0.028029079,0.025779374,-0.0057073683,-0.21129972,-0.023309276,-0.17246175,0.10121058,-0.0049427156,-0.05978856,0.09680107,0.00589406,0.07777054,-0.07289151,0.11745714,0.06515623
denver,2018,0.09783437848091125,2.6318438053131104,0.56198650598526,3.2916646003723145,0.04534359,-0.02855903,0.036500044,-0.0011946261,-0.23566037,-0.044402882,-0.21026172,0.08768629,-0.016111681,-0.057012316,0.08637475,0.0036492827,0.060947068,-0.060305644,0.14317238,0.09679213
denver,2019,0.11217206716537476,3.623908281326294,0.8255623579025269,4.561642646789551,0.025519285,-0.021860685,0.07348851,-0.02905865,-0.25757605,-0.06479379,-0.25171006,0.05028653,-0.02833588,-0.05017141,0.057272457,-0.0035202685,0.08070912,-0.056993958,0.13385613,0.102170676
denver,2021,0.11548846960067749,1.1012122631072998,2.3521413803100586,3.5688421726226807,0.08461319,-0.043873332,0.0325004,-0.014432862,-0.21880034,-0.068509154,-0.24084036,0.16878833,0.02230563,-0.06540975,0.06638727,-0.027684275,0.09023488,-0.03342491,0.11614597,0.11175239
denver,2022,0.10430800914764404,2.7923388481140137,1.0098326206207275,3.9064793586730957,0.02153535,-0.043823224,0.04873181,-0.016987965,-0.24688405,-0.040312633,-0.23718645,0.05126358,-0.032665472,-0.047322277,0.07725683,-0.028349921,0.09877612,-0.06966662,0.09129662,0.082809426
denver,2023,0.10714760422706604,2.068328380584717,1.1913520097732544,3.366827964782715,0.070630446,-0.023594886,0.06689257,-0.03975161,-0.24650508,-0.07387816,-0.2273023,0.09243819,-0.0015800518,-0.05917017,0.058349848,-0.006259415,0.11863914,-0.038751353,0.114234686,0.08215439
houston,2013,0.08387425541877747,0.9653586745262146,2.2370400428771973,3.2862730026245117,0.06855116,-0.031201871,0.0010428131,0.0095974505,-0.22009107,-0.010231659,-0.14167544,0.11333911,0.049527317,-0.041660924,0.106900156,0.028183691,0.04433981,0.0021174774,0.123019874,0.10332784
houston,2014,0.08858877420425415,0.4076579809188843,1.1856982707977295,1.6819450855255127,0.0016677119,-0.026359746,0.034989476,-0.010272838,-0.22131076,-0.034477286,-0.19049096,0.0689657,-0.01310034,-0.03859447,0.08518014,0.0068143946,0.099303685,-0.053466983,0.13369049,0.058588475
houston,2015,0.1169811487197876,0.45736929774284363,1.9836647510528564,2.5580153465270996,-0.023849614,-0.013700681,0.06293639,-0.048378788,-0.25500014,-0.068221636,-0.24424371,0.038060077,-0.020111604,-0.027362121,0.059876807,0.0013386307,0.13425188,-0.020059403,0.13354203,0.06816248
houston,2016,0.08388158679008484,0.527717113494873,2.2327096462249756,2.844308376312256,0.0049112644,-0.034305148,0.0014578775,0.004596688,-0.21542779,-0.02522774,-0.1420193,0.102947034,0.020515746,-0.017881326,0.11236483,0.04833132,0.069476694,-0.020035535,0.15497854,0.088835314
houston,2017,0.08489751815795898,0.6754615306854248,1.5353374481201172,2.295696496963501,-0.007878113,-0.02789119,0.025871001,-0.028571106,-0.22445089,-0.0128380135,-0.1585922,0.051240772,0.018226393,-0.026449839,0.082148634,0.0022516053,0.079243146,-0.050324,0.12278404,0.073168635
houston,2018,0.11376932263374329,0.7032902240753174,1.476510763168335,2.2935702800750732,-0.053423088,-0.0127827125,0.057239197,-0.060087524,-0.25328583,-0.05275707,-0.22141388,0.019930452,-0.018109651,-0.015140612,0.055486962,0.011411287,0.12642004,-0.043763496,0.14144932,0.06653799
houston,2019,0.08187568187713623,0.9154940843582153,1.9805138111114502,2.977883815765381,0.03485791,-0.03755115,-0.0019351244,0.021046303,-0.22048646,-0.016108677,-0.16603217,0.091491245,0.0020725448,-0.040133096,0.11315811,0.027255952,0.063657925,-0.023283303,0.12663303,0.0851886
houston,2021,0.11901748180389404,1.366209626197815,4.209609031677246,5.694836139678955,0.058976773,-0.044187278,0.03111682,-0.015783675,-0.24221185,-0.07761485,-0.25898105,0.13219053,-0.0048207324,-0.053143993,0.070553005,-0.013345908,0.10743267,-0.0046945065,0.11142619,0.11693199
houston,2022,0.11263623833656311,2.6182994842529297,2.3397531509399414,5.070688724517822,-0.021861225,-0.016689245,0.064597435,-0.018996611,-0.26957372,-0.05118926,-0.24874651,0.020727389,-0.04415148,-0.017365083,0.0932658,0.0114639755,0.112557314,-0.011052124,0.12941137,0.075874306
houston,2023,0.12855184078216553,0.7932896614074707,2.4350457191467285,3.3568873405456543,-0.07113005,-0.0064618196,0.07639388,-0.06831277,-0.26680228,-0.072153665,-0.24508849,0.0131114125,-0.02954535,-0.0013128482,0.05505237,0.021800762,0.14171356,-0.032496206,0.14816931,0.07269737
jacksonville,2013,0.10335138440132141,0.8750848770141602,2.57981538772583,3.5582516193389893,0.083085224,-0.055078957,-0.017579846,0.02372054,-0.20831499,0.02508019,-0.14837185,0.13987613,0.1189747,-0.05989784,0.14120804,0.029158441,0.06540687,0.039531633,0.06739135,0.10077934
jacksonville,2014,0.08740723133087158,0.7817184925079346,1.0585951805114746,1.9277209043502808,0.05383873,-0.05841033,-0.0067783147,-0.0029012412,-0.20372616,0.03429343,-0.14029747,0.12130592,0.09675559,-0.069639854,0.106106356,0.030561207,0.04354112,-0.013723679,0.08054749,0.10893248
jacksonville,2015,0.08539357781410217,0.6826176047325134,0.5757814049720764,1.3437925577163696,0.055813786,-0.053615868,-0.013392426,0.015724465,-0.18733783,0.018964041,-0.1398984,0.14061569,0.03898161,-0.07405803,0.11138763,0.031025829,0.052021984,-0.040889356,0.103322625,0.0856808
jacksonville,2016,0.08458465337753296,0.5247972011566162,0.4915626645088196,1.1009445190429688,0.030873448,-0.047959503,0.0023131445,-0.025243461,-0.2107352,0.040675692,-0.14968947,0.10045482,0.07164443,-0.061112918,0.092844,0.0497571,0.039866585,-0.041060004,0.08424356,0.113860786
jacksonville,2017,0.08446159958839417,0.6529167890548706,0.43132930994033813,1.1687077283859253,0.054310545,-0.027248213,0.00053498894,-0.020185046,-0.20558658,0.034396913,-0.14993727,0.1147824,0.065447986,-0.06148468,0.09082167,0.044186816,0.033257082,-0.02915766,0.09418815,0.10426393
jacksonville,2018,0.09444129467010498,0.6705315709114075,0.5797467231750488,1.3447195291519165,0.08261883,-0.03965862,-0.008260727,-0.010888591,-0.20834199,0.024119593,-0.15413545,0.12767318,0.057965465,-0.07816187,0.10195248,0.049191684,0.01728329,-0.02952658,0.10288902,0.10366769
jacksonville,2019,0.08440634608268738,0.5688046216964722,0.5719080567359924,1.2251191139221191,0.0685333,-0.041826017,0.0049320757,-0.017876528,-0.2175845,0.020090323,-0.1440398,0.11542551,0.05220373,-0.06278989,0.08803877,0.037022322,0.032373905,-0.024847958,0.100680806,0.11531171
jacksonville,2021,0.10729268193244934,0.6304746866226196,1.7926641702651978,2.5304315090179443,0.093369484,-0.05540431,0.030191183,-0.017022349,-0.22225022,-0.024012126,-0.21116018,0.12475623,0.059307087,-0.07024132,0.06872269,-0.035334773,0.07917607,-0.009522036,0.045973018,0.118881375
jacksonville,2022,0.08981812000274658,0.5218122005462646,1.3951143026351929,2.006744623184204,0.046188325,-0.06318058,0.044495054,-0.017791323,-0.21716449,-0.007879876,-0.17501974,0.082687676,0.04273947,-0.062467262,0.069628455,-0.029809743,0.087605014,-0.074689746,0.06385323,0.08615108
jacksonville,2023,0.08291253447532654,0.38858962059020996,0.6112805604934692,1.0827827453613281,0.06375265,-0.026998026,0.024192013,-0.031580314,-0.21980979,0.00791714,-0.1600462,0.09968831,0.0591921,-0.046623524,0.0743123,0.0010123556,0.05075217,-0.042482562,0.08142997,0.10782145
las_vegas,2013,0.12513849139213562,5.643451690673828,5.205747604370117,10.974337577819824,0.08310678,-0.04482657,-0.008613847,0.08530269,-0.2136676,-0.019322313,-0.2203643,0.13212979,0.094019234,-0.053720277,0.13588303,0.027369266,0.03219638,0.05973111,0.13270032,0.1486355
las_vegas,2014,0.10302186012268066,1.7669053077697754,2.4484195709228516,4.318346977233887,0.06823498,-0.04481501,-0.016792148,0.038338453,-0.20136064,0.004504688,-0.15097651,0.15873107,0.07877459,-0.06715315,0.13240492,0.045014426,0.040011767,-0.0054286793,0.1352427,0.10788286
las_vegas,2015,0.10184034705162048,5.668945789337158,0.9948018789291382,6.765588283538818,0.07762429,-0.019026015,0.0045957565,0.051348533,-0.2073906,0.012595601,-0.17658767,0.10259307,0.096066825,-0.05938165,0.09218838,0.049840376,-0.031633135,-0.016972624,0.15279174,0.1560692
las_vegas,2016,0.08593586087226868,1.715268850326538,0.4611262083053589,2.2623307704925537,0.046677228,-0.0376235,-0.015208095,0.011849299,-0.19427721,0.015947,-0.15098102,0.13414988,0.036799602,-0.06536404,0.10604043,0.033259206,0.025345705,-0.051909514,0.13340046,0.10384154
las_vegas,2017,0.08613285422325134,1.3448315858840942,0.3014720678329468,1.7324365377426147,0.040797267,-0.028495407,0.008980341,-0.0009445846,-0.1917141,0.005530618,-0.14879963,0.1335718,0.029181957,-0.04800551,0.11596161,0.053186245,0.0469392,-0.054298736,0.1280685,0.09390885
las_vegas,2018,0.08374938368797302,1.7988337278366089,0.3993856906890869,2.281968593597412,0.06436895,-0.03079493,-0.009067945,0.009165093,-0.19548962,0.0018063486,-0.1663551,0.12093746,0.019514259,-0.06344207,0.099389866,0.009470803,0.03262385,-0.064860016,0.12282314,0.09269072
las_vegas,2019,0.08254817128181458,2.498717784881592,0.37180590629577637,2.9530718326568604,0.039706357,-0.01156635,0.020915687,-0.026000746,-0.22666734,0.025654994,-0.16920552,0.067566305,0.033950865,-0.04110873,0.06920647,0.048365347,0.0008540377,-0.064463146,0.11804265,0.11576994
las_vegas,2021,0.1739145815372467,1.8386386632919312,11.629077911376953,13.641631126403809,0.2016536,-0.097035795,-0.021215502,0.06333642,-0.23647325,-0.086764626,-0.19421922,0.20782734,0.09418723,-0.092654794,0.16937025,9.860261e-05,0.09016378,0.10268162,0.06171637,0.13217323
las_vegas,2022,0.1030421257019043,1.148820400238037,4.470318794250488,5.72218132019043,0.08111295,-0.04914065,0.029616036,0.0021895543,-0.21652055,-0.031727903,-0.237414,0.122192666,0.028183093,-0.07177036,0.06714864,-0.01670361,0.10584228,-0.0490477,0.06549962,0.09492901
las_vegas,2023,0.08455529808998108,0.5593198537826538,0.36024218797683716,1.0041173696517944,0.05435684,-0.03303226,0.02063755,0.0020954758,-0.19031578,-0.013369434,-0.161845,0.1377783,0.01229266,-0.056641567,0.09750099,0.014309615,0.07397663,-0.0696048,0.11928001,0.065837115
nashville,2013,0.09468558430671692,0.5293101668357849,1.4502346515655518,2.074230432510376,0.061196443,-0.023380661,-0.019104294,0.016196989,-0.1983542,0.016578455,-0.14292169,0.14693625,0.082646236,-0.050287727,0.12722744,0.047352344,0.0571286,0.017642215,0.11305177,0.09257807
nashville,2014,0.08028748631477356,0.468694269657135,0.4861282408237457,1.0351099967956543,0.052233316,-0.026521817,0.01331614,-0.025705934,-0.20752764,0.026447609,-0.13679852,0.1110124,0.07135712,-0.043114692,0.08543057,0.014185093,0.036241483,-0.03354959,0.08722931,0.10969944
nashville,2015,0.08727619051933289,0.49005383253097534,0.6257176995277405,1.203047752380371,0.051641744,-0.032040533,0.036743596,-0.026322693,-0.21563411,-0.011193953,-0.18311635,0.10188374,0.039569903,-0.04694805,0.06734865,-0.0151413325,0.07661437,-0.04483596,0.08112265,0.09757128
nashville,2016,0.08126392960548401,0.34502673149108887,0.6387202739715576,1.065010905265808,0.032811508,-0.04175257,0.043498583,-0.025771499,-0.21978295,0.007388018,-0.14594576,0.07358372,0.05253084,-0.042613424,0.08911636,-0.002813217,0.07010484,-0.06270942,0.08061609,0.08152054
nashville,2017,0.08795544505119324,0.5177415609359741,0.9048003554344177,1.5104973316192627,0.0191841,-0.061693862,0.050288744,-0.038050584,-0.23068257,0.007981662,-0.1509189,0.049353257,0.060096115,-0.03967233,0.07278094,-0.02065613,0.07502383,-0.080302015,0.05841408,0.091129035
nashville,2018,0.0842546820640564,0.3777666687965393,0.8558568954467773,1.317878246307373,0.05021141,-0.040522583,0.034818903,-0.033178292,-0.2233742,0.012559708,-0.1590803,0.08233407,0.06310486,-0.051948447,0.08025846,0.0052160616,0.063573614,-0.062010586,0.07253608,0.09429543
nashville,2019,0.08872362971305847,0.5775380730628967,0.8898025751113892,1.5560643672943115,0.03244119,-0.052083373,0.044394888,-0.04768663,-0.23984483,0.015036274,-0.15541784,0.056645006,0.07210512,-0.044257168,0.07019561,-0.005246571,0.058864288,-0.066532746,0.060509928,0.10918331
nashville,2021,0.14443036913871765,0.3892506957054138,3.2678475379943848,3.8015286922454834,0.13266267,-0.07783982,0.042780794,-0.02049905,-0.23445547,-0.07583647,-0.25034994,0.17450196,0.07630854,-0.07845047,0.06916813,-0.046690904,0.09399294,0.023376353,0.043663584,0.14231311
nashville,2022,0.10057169198989868,0.48159441351890564,1.3389543294906616,1.9211204051971436,0.045154717,-0.060582027,0.07855677,-0.048405685,-0.24301895,-0.02185288,-0.18648401,0.058641825,0.0531534,-0.04498202,0.059340194,-0.03674838,0.09353654,-0.056894787,0.043653116,0.10477249
nashville,2023,0.10939863324165344,0.6130073070526123,1.6320215463638306,2.3544275760650635,0.12798984,-0.060069118,0.040080264,-0.020596229,-0.23485063,-0.053022183,-0.1926964,0.12616672,0.052251007,-0.08464092,0.08028746,-0.025323344,0.10022197,-0.0006986633,0.062356457,0.10040696
orlando,2013,0.10690465569496155,0.6420638561248779,2.2626793384552,3.011647939682007,0.096243545,-0.06636131,-0.028227773,0.04853234,-0.20278329,0.0103177875,-0.14717059,0.15051335,0.09528597,-0.068441235,0.15952848,0.019187285,0.07188602,0.030031152,0.0736025,0.08852999
orlando,2014,0.08360663056373596,0.5799169540405273,0.7868714332580566,1.4503949880599976,0.023814663,-0.058749884,0.026109561,-0.026870161,-0.21819371,0.019610979,-0.15228641,0.09372475,0.079887815,-0.057089936,0.08706703,0.03555944,0.06446272,-0.03824573,0.08018511,0.109966725
orlando,2015,0.08623027801513672,0.9663282632827759,0.4773772954940796,1.5299358367919922,0.04800892,-0.047933947,-0.021498248,0.027903743,-0.18273938,0.012709681,-0.16356182,0.13871707,0.015610498,-0.07910699,0.100155085,0.01628106,0.06542039,-0.048697695,0.11176622,0.08004002
orlando,2016,0.09709256887435913,0.4981790781021118,3.0075953006744385,3.6028671264648438,0.06102738,-0.07504066,0.017647624,0.016070671,-0.21504232,0.014692139,-0.19055757,0.11399981,0.06793769,-0.07416158,0.116872005,0.032852203,0.108783305,-0.03175277,0.032396182,0.09719835
orlando,2017,0.08445608615875244,0.4816970229148865,0.4829162657260895,1.0490694046020508,0.045442354,-0.047560807,-0.008449897,0.0067009106,-0.19207953,0.031449255,-0.15673128,0.13236628,0.034742713,-0.066146344,0.10469711,0.032172576,0.05218666,-0.05663376,0.09090406,0.098414645
orlando,2018,0.08713692426681519,0.4145093262195587,0.4806903600692749,0.9823365807533264,0.051530246,-0.035245284,-0.015500687,0.00014752895,-0.20386356,0.040148146,-0.17027044,0.11081928,0.045307618,-0.06618324,0.103579454,0.032701552,0.030167378,-0.043350004,0.08904599,0.10352519
orlando,2019,0.0847146213054657,0.82032310962677,0.49082183837890625,1.3958595991134644,0.042282213,-0.03813844,0.00090869516,-0.010404199,-0.21323416,0.03605818,-0.15304919,0.104771614,0.04912075,-0.049419697,0.10005258,0.034001,0.028993625,-0.042987507,0.102078944,0.11145757
orlando,2021,0.1275966465473175,0.4471920430660248,4.076587200164795,4.651376247406006,0.1335066,-0.067949966,0.030529492,-0.00065190345,-0.23646241,-0.057719402,-0.2023589,0.16347626,0.08453721,-0.06489907,0.10879983,-0.029376652,0.07611251,0.038105287,0.057980597,0.13424894
orlando,2022,0.11392861604690552,0.606181263923645,6.183972358703613,6.904082298278809,0.059965782,-0.10868184,0.019747376,0.015779324,-0.21184786,-0.009696066,-0.19705006,0.15142363,0.090857804,-0.06560746,0.10732901,-0.0059172814,0.118255876,-0.06488992,0.033652157,0.1139092
orlando,2023,0.0851452648639679,0.39781710505485535,0.6732441782951355,1.156206488609314,0.034846872,-0.050348543,-0.0034610853,0.0022412091,-0.19661704,0.03173256,-0.1756918,0.0946112,0.034308225,-0.064925626,0.09001847,-0.012136475,0.051662333,-0.086513095,0.07492746,0.0825747
phoenix,2013,0.09336748719215393,1.497705340385437,1.3573760986328125,2.94844913482666,0.073926024,-0.031891376,-0.029280018,0.046607357,-0.19723253,0.010884885,-0.1473846,0.14570577,0.062422562,-0.051728677,0.13903508,0.04804673,0.052323617,0.0023800656,0.118101805,0.08740495
phoenix,2014,0.07993194460868835,0.6435117721557617,0.493671178817749,1.2171149253845215,0.03526964,-0.049188547,-0.018096693,0.035212904,-0.1876156,0.0077720173,-0.14114892,0.1393137,0.02671377,-0.048485268,0.11570191,0.04304023,0.048696022,-0.042417485,0.12879913,0.09036742
phoenix,2015,0.07841482758522034,1.607175588607788,0.3768492043018341,2.0624396800994873,0.041158684,-0.031358927,0.018943936,0.0050711036,-0.21019953,0.01757636,-0.1646049,0.08243607,0.01953089,-0.046266682,0.10933547,0.04148514,0.06231597,-0.06100987,0.09069102,0.07591577
phoenix,2016,0.08018696308135986,1.5139904022216797,0.4868101179599762,2.0809874534606934,0.04380963,-0.045269836,-0.00393492,0.005844876,-0.20753396,0.05263921,-0.15350631,0.07353105,0.03903564,-0.046195414,0.11657802,0.026532395,0.058953434,-0.07638824,0.044771038,0.08269477
phoenix,2017,0.08485487103462219,1.8344255685806274,0.3869144320487976,2.30619478225708,0.035394754,-0.0068923365,0.02845309,0.0102267265,-0.22258243,0.0042412505,-0.1751006,0.050080933,0.02222426,-0.04929488,0.08813863,0.05082953,0.0099419225,-0.04539921,0.14425042,0.100084916
phoenix,2018,0.0829048752784729,1.6025159358978271,0.4646434187889099,2.15006422996521,0.041835118,-0.014444842,0.02689784,0.00696104,-0.21159121,0.001766324,-0.17824352,0.07346017,0.015644051,-0.05141014,0.1033178,0.036836155,0.036091596,-0.057435844,0.12668756,0.08146378
phoenix,2019,0.08403435349464417,1.4885321855545044,0.5005072951316833,2.0730738639831543,0.035071786,-0.025261832,0.02399616,0.0059166104,-0.21849528,0.00080829114,-0.18498667,0.075588964,0.0051730657,-0.050430894,0.11078741,0.02956401,0.05821842,-0.053978823,0.11134733,0.07539189
phoenix,2021,0.11388865113258362,0.741722583770752,3.175114393234253,4.030725479125977,0.05859285,-0.050727062,0.02052559,0.010064699,-0.21919116,-0.050585404,-0.26898223,0.13568193,0.0073296675,-0.05573598,0.0744589,-0.027527848,0.09003575,-0.027987882,0.080336325,0.1107049
phoenix,2022,0.08461350202560425,0.8619230389595032,0.8420848846435547,1.788621425628662,0.012624308,-0.028889384,0.019586086,0.020567127,-0.21003327,-0.006607376,-0.18734382,0.06994811,-0.024419688,-0.04292007,0.10496816,0.0016534207,0.07395792,-0.07032269,0.11690816,0.05636619
phoenix,2023,0.08862215280532837,2.4449806213378906,0.619714081287384,3.1533167362213135,0.030695893,-0.024963045,0.021771662,0.027007848,-0.22822395,-0.012135394,-0.18983033,0.056856263,-0.011595525,-0.057592377,0.10118805,0.013486905,0.06477809,-0.040971488,0.13155408,0.06649873
raleigh,2013,0.08956462144851685,0.3638894855976105,1.5910298824310303,2.0444839000701904,0.057459764,-0.019782411,-0.009329744,0.008087173,-0.19778655,0.01556769,-0.13712971,0.13752799,0.076919965,-0.045011528,0.11854659,0.04227507,0.057148878,0.008770093,0.11690608,0.0888228
raleigh,2014,0.07904073596000671,0.49465930461883545,0.33696505427360535,0.9106651544570923,0.02727706,-0.039789647,0.029475577,-0.03833794,-0.21390536,0.012013067,-0.1438357,0.080233686,0.046191387,-0.042333104,0.07297589,-0.00055357284,0.054381754,-0.06997801,0.09689164,0.09280023
raleigh,2015,0.08182799816131592,0.4543262720108032,0.47018834948539734,1.0063426494598389,0.05577245,-0.027640074,0.028322935,-0.025798678,-0.20551583,0.0014546737,-0.14929411,0.11979459,0.05273187,-0.04317834,0.07889373,-0.003761167,0.047851387,-0.05179147,0.10121829,0.10019295
raleigh,2016,0.08279144763946533,0.573754608631134,1.2920479774475098,1.9485939741134644,0.056624178,-0.039037354,0.02445113,0.0043799207,-0.21701913,0.005093947,-0.17071626,0.079356715,0.04826615,-0.060502883,0.099620506,0.004126077,0.088782,-0.023384277,0.0697461,0.06618051
raleigh,2017,0.08577218651771545,0.4662424623966217,0.6993969082832336,1.2514115571975708,0.050090354,-0.032452907,0.009315513,-0.019438334,-0.21372488,0.008336898,-0.17041051,0.10406359,0.049558684,-0.06527918,0.08644231,0.02131624,0.06252311,-0.042747844,0.104283765,0.08524379
raleigh,2018,0.08506470918655396,0.6126025915145874,0.6226649284362793,1.3203322887420654,0.06432098,-0.033729337,0.028593913,-0.025522828,-0.21665463,-0.008945644,-0.1663925,0.109809466,0.045808975,-0.04810375,0.07413641,-0.007642326,0.06884208,-0.043274786,0.08486719,0.10196188
raleigh,2019,0.08930450677871704,0.7519654035568237,0.6571857929229736,1.4984557628631592,0.06953106,-0.03332995,0.040680557,-0.032313563,-0.23256221,-0.026169956,-0.17098348,0.10587314,0.046586305,-0.050785284,0.07840517,0.0030846582,0.075912625,-0.03540263,0.099160835,0.10014686
raleigh,2021,0.1280219852924347,0.4858798384666443,2.372666358947754,2.9865682125091553,0.10831035,-0.065799624,0.048486106,-0.026204944,-0.23487869,-0.059585102,-0.24356319,0.14119278,0.059345227,-0.07604638,0.05673322,-0.04621972,0.10298341,0.009586781,0.046413153,0.12796417
raleigh,2022,0.08671706914901733,0.48082149028778076,3.1694254875183105,3.736964225769043,0.046186425,-0.052523468,0.06293567,-0.014980644,-0.23669174,-0.0132557005,-0.17017472,0.066531554,0.056022465,-0.032133795,0.090193376,-0.006787307,0.09172719,-0.04039145,0.053398356,0.09311792
raleigh,2023,0.09221714735031128,0.3579241633415222,0.9148750305175781,1.3650164604187012,0.051834624,-0.05325144,0.04473672,-0.030450359,-0.23235658,-0.024456032,-0.1808385,0.07549098,0.034664445,-0.055272996,0.06872599,-0.032448336,0.08319507,-0.060131803,0.07968371,0.090031035
san_antonio,2013,0.09874442219734192,0.8587820529937744,1.6415390968322754,2.5990655422210693,0.08182671,-0.051313847,-0.032798246,0.035371564,-0.19073017,0.026106987,-0.14269617,0.16174397,0.080033764,-0.06310006,0.1447961,0.044779763,0.034876246,-0.00901714,0.10226865,0.1022328
san_antonio,2014,0.08065563440322876,0.9592379331588745,0.391598105430603,1.4314916133880615,0.05108926,-0.040321566,-0.030357964,0.015827104,-0.19548516,0.035320513,-0.15080312,0.111496,0.020268932,-0.06586501,0.101154745,0.03465976,0.026627705,-0.058193564,0.10421344,0.09993392
san_antonio,2015,0.07944127917289734,0.44943374395370483,0.44438886642456055,0.9732638597488403,0.0012687016,-0.036101256,0.01327417,-0.030259304,-0.22003245,0.008263245,-0.13308088,0.071826324,0.021416524,-0.029678438,0.09277615,0.027391091,0.05835689,-0.070258066,0.11927423,0.09105157
san_antonio,2016,0.08830142021179199,0.433659166097641,1.0255405902862549,1.5475012063980103,0.028034117,-0.068892665,0.00844574,-0.010767192,-0.21549478,0.017237078,-0.14653823,0.098854735,0.051523894,-0.060586624,0.11059151,0.051628754,0.04950383,-0.065421954,0.108427316,0.09548831
san_antonio,2017,0.08959177136421204,0.5527527928352356,1.1035895347595215,1.745934009552002,0.030921876,-0.09012903,-0.009673178,-0.010743193,-0.2320783,0.03868161,-0.1132371,0.07415755,0.07262801,-0.04970295,0.08990122,0.03816437,0.026592545,-0.05600021,0.12832363,0.111087695
san_antonio,2018,0.0814845860004425,0.43794265389442444,0.4465324282646179,0.9659596681594849,0.015454235,-0.03743758,-0.012145534,-0.030016579,-0.2214963,0.020457175,-0.12945552,0.07270855,0.03032733,-0.040771343,0.08606265,0.03555742,0.04307202,-0.057551406,0.13365114,0.096775204
san_antonio,2019,0.08216878771781921,0.8915811777114868,0.5032957196235657,1.4770457744598389,0.07293372,-0.055109844,-0.018711567,0.015181832,-0.21502048,0.02348363,-0.14362498,0.09943584,0.025047649,-0.059070583,0.096247025,0.031528436,0.028976928,-0.047381487,0.11231952,0.1054904
san_antonio,2021,0.08557882905006409,0.6027176380157471,0.9348427057266235,1.6231391429901123,0.07502418,-0.024696894,-0.018223204,0.008062296,-0.20280069,0.0029713437,-0.15029415,0.12740617,0.037884876,-0.06072285,0.10214831,0.013135084,0.04798102,-0.026278287,0.12007724,0.087622344
san_antonio,2022,0.09724077582359314,0.600028932094574,1.6390604972839355,2.3363301753997803,0.013337913,-0.06337707,0.042677633,-0.041338764,-0.2282817,-0.024587423,-0.19138339,0.064080685,0.03192433,-0.051297363,0.05346982,-0.033165142,0.09347329,-0.094498605,0.08671308,0.08676864
san_antonio,2023,0.08160758018493652,0.6153687238693237,0.3435189425945282,1.0404952764511108,0.04240849,-0.032747094,-0.011538088,0.0108409,-0.19419466,0.011086278,-0.16199932,0.115551844,0.009810268,-0.054950684,0.09576033,0.009428421,0.042393725,-0.076382816,0.12059658,0.08408047
tampa,2013,0.09848275780677795,0.42891818284988403,2.0669546127319336,2.594355583190918,0.079354756,-0.04399337,-0.028404228,0.037466716,-0.18707187,0.02007639,-0.14431088,0.15206802,0.09083672,-0.06444177,0.14098619,0.023596378,0.05923596,0.012177944,0.08718577,0.083465576
tampa,2014,0.08175131678581238,0.5990808606147766,0.7684816122055054,1.4493138790130615,0.018375717,-0.06482663,0.0011778995,-0.018977977,-0.21466272,0.034403436,-0.13169196,0.08600497,0.085338205,-0.050630227,0.09769531,0.02138362,0.04695403,-0.037649103,0.08587532,0.10696994
tampa,2015,0.08011436462402344,0.5389600992202759,0.41940999031066895,1.0384844541549683,0.032461233,-0.04037744,-0.013919249,-8.184463e-05,-0.20447353,0.039138515,-0.14688689,0.09717617,0.04824202,-0.060505725,0.10541454,0.035894617,0.05184564,-0.023982484,0.083898515,0.09612727
tampa,2016,0.08678880333900452,0.6307737827301025,0.3977542519569397,1.1153167486190796,0.04695518,-0.048495576,-0.005802162,-0.01026427,-0.20446955,0.03820777,-0.15919705,0.1147146,0.04706577,-0.076228485,0.09692624,0.05452516,0.041318327,-0.036570553,0.08486916,0.108738765
tampa,2017,0.09497901797294617,0.6309446692466736,0.46507328748703003,1.1909970045089722,0.061144717,-0.0392078,-0.0069306865,-0.0077594295,-0.22173513,0.017622136,-0.17093328,0.11366465,0.056557793,-0.07476027,0.10334801,0.05380678,0.037702225,-0.0018058419,0.10675476,0.112501994
tampa,2018,0.0881231427192688,0.47818702459335327,0.41314828395843506,0.9794584512710571,0.050109435,-0.020127399,-0.009985544,-0.006720759,-0.21235567,0.025659226,-0.16370168,0.108198166,0.044756863,-0.058950953,0.104107715,0.037485696,0.03463857,-0.021957476,0.11474043,0.09736326
tampa,2019,0.08320122957229614,0.904356837272644,0.4239450991153717,1.4115030765533447,0.03918364,-0.038232118,-0.00021727383,-0.012966596,-0.22586846,0.032388814,-0.15598436,0.078734145,0.03306687,-0.04851676,0.088519454,0.025112452,0.03259328,-0.032568254,0.106931254,0.10940942
tampa,2021,0.10445448756217957,0.6371727585792542,1.6700031757354736,2.411630392074585,0.048381213,-0.052171383,0.03272385,-0.01982563,-0.21967025,-0.024847724,-0.2199071,0.11970003,0.04913672,-0.055066615,0.0604563,-0.032173827,0.09005437,-0.031231854,0.06969065,0.11294447
tampa,2022,0.09138527512550354,0.5180677175521851,1.7686153650283813,2.378068447113037,0.04804582,-0.05199794,0.028235234,0.0036769956,-0.20236024,-0.0030295923,-0.19842891,0.11356196,0.04008268,-0.065456174,0.097056806,-0.009574419,0.08027359,-0.078581594,0.079811774,0.074710965
tampa,2023,0.08275052905082703,0.6002760529518127,0.4703311026096344,1.153357744216919,0.030839484,-0.027303007,0.0029402599,-0.0040151924,-0.21094838,0.012836162,-0.18047696,0.088675395,0.025900725,-0.055260587,0.086836845,0.0035089022,0.05552019,-0.04472853,0.10192059,0.08610549
