year,metro,gdp_millions,unemployment_rate,employment_thousands,total_permits,interpolated,modis_red_mean,modis_red_std,modis_green_mean,modis_green_std,modis_blue_mean,modis_blue_std,modis_brightness_mean,modis_brightness_std,modis_ndvi_proxy_mean,modis_dark_frac,viirs_available,viirs_mean,viirs_std,viirs_median,viirs_p90,viirs_max,viirs_lit_frac,viirs_bright_frac,viirs_gini,modis_brightness_mean_delta,modis_ndvi_proxy_mean_delta,modis_dark_frac_delta,viirs_mean_delta,viirs_lit_frac_delta,viirs_bright_frac_delta,modis_brightness_mean_growth,viirs_mean_growth,viirs_mean_lag1,viirs_lit_frac_lag1,modis_brightness_mean_lag1,gdp_millions_growth,employment_thousands_growth,total_permits_growth,gdp_millions_lag1,employment_thousands_lag1,unemployment_rate_lag1,total_permits_lag1,gdp_per_employee,permits_per_1k_emp,split
2013,atlanta,327702.9,7.7,2571.7,24297.0,False,0.14757870137691498,0.1912587583065033,0.16478785872459412,0.19543872773647308,0.19835887849330902,0.2057030200958252,0.1702418178319931,0.19653163850307465,0.05564083531498909,0.5446910858154297,False,0.0,0.0,0.0,0.0,0.0,,,,,,,,,,,,,,,,,,,,,,127.42656608469107,9.447836061749038,train
2014,atlanta,342813.3,6.8,2615.0,26683.0,False,0.2583458125591278,0.19307982921600342,0.2771379351615906,0.18812720477581024,0.30198073387145996,0.1825817972421646,0.27915483713150024,0.18779884278774261,0.05726248025894165,0.2538280487060547,False,0.0,0.0,0.0,0.0,0.0,,,,0.10891301929950714,0.0016216449439525604,-0.290863037109375,0.0,,,63.97547951878095,,0.0,,0.1702418178319931,4.611005883683039,1.6837111638215996,9.820142404412069,327702.9,2571.7,7.7,24297.0,131.09495219885278,10.203824091778202,train
2015,atlanta,360900.7,5.8,2652.8,30342.0,False,0.2167252153158188,0.2271500825881958,0.23619602620601654,0.22230574488639832,0.2784539759159088,0.20902150869369507,0.24379172921180725,0.21929611265659332,0.11054659634828568,0.49066925048828125,False,0.0,0.0,0.0,0.0,0.0,,,,-0.03536310791969299,0.053284116089344025,0.23684120178222656,0.0,,,-12.667918737526529,,0.0,,0.27915483713150024,5.2761663564395045,1.4455066921606141,13.712850878836713,342813.3,2615.0,6.8,26683.0,136.04519752714114,11.4377261761158,train
2016,atlanta,380028.9,5.2,2781.9,36357.0,False,0.25244614481925964,0.20627376437187195,0.2691441774368286,0.2035183608531952,0.30391010642051697,0.19347722828388214,0.275166779756546,0.20095698535442352,0.06160308048129082,0.32961463928222656,False,0.0,0.0,0.0,0.0,0.0,,,,0.03137505054473877,-0.04894351586699486,-0.1610546112060547,0.0,,,12.869612372075178,,0.0,,0.24379172921180725,5.300128262427872,4.866556091676721,19.824006327862364,360900.7,2652.8,5.8,30342.0,136.60767820554298,13.069125417879865,train
2017,atlanta,398208.5,4.6,2914.7,33832.0,False,0.2424667626619339,0.25153079628944397,0.25821253657341003,0.2465970665216446,0.2980019152164459,0.23536159098148346,0.26622700691223145,0.2439991980791092,0.07148464769124985,0.479156494140625,True,0.14383579790592194,0.08866078406572342,0.12439613789319992,0.2524154484272003,0.7974033951759338,0.6476945877075195,0.006478309631347656,0.32319369129800246,-0.008939772844314575,0.00988156720995903,0.14954185485839844,0.14383579790592194,,,-3.2488561490685908,inf,0.0,,0.275166779756546,4.783741447032042,4.773715805744261,-6.945017465687487,380028.9,2781.9,5.2,36357.0,136.6207499914228,11.607369540604523,train
2018,atlanta,413034.1,3.8,2957.9,39441.0,False,0.13789187371730804,0.1795983463525772,0.15197890996932983,0.18373443186283112,0.16219250857830048,0.18726342916488647,0.15068773925304413,0.1831865906715393,0.04997701197862625,0.657496452331543,True,0.11688026785850525,0.11955812573432922,0.0679347813129425,0.28985506296157837,0.8426932096481323,0.3622894287109375,0.017580032348632812,0.49286529890265207,-0.11553926765918732,-0.021507635712623596,0.17833995819091797,-0.026955530047416687,-0.28540515899658203,0.011101722717285156,-43.39877798245983,-18.74048772270681,0.14383579790592194,0.6476945877075195,0.26622700691223145,3.72307472090625,1.482142244484863,16.57897848191061,398208.5,2914.7,4.6,33832.0,139.63761452381758,13.334122181277257,train
2019,atlanta,429686.2,3.4,2997.5,32836.0,False,0.2165343016386032,0.1524626761674881,0.23403966426849365,0.15031194686889648,0.26762980222702026,0.14373059570789337,0.23940135538578033,0.14865340292453766,0.05232704058289528,0.2005462646484375,True,0.3653615117073059,0.08745108544826508,0.35929951071739197,0.47010868787765503,0.9939613342285156,0.9999790191650391,0.05936622619628906,0.13022728427383323,0.0887136161327362,0.0023500286042690277,-0.45695018768310547,0.24848124384880066,0.6376895904541016,0.04178619384765625,58.87248463112373,212.59469061930196,0.11688026785850525,0.3622894287109375,0.15068773925304413,4.031652592364665,1.3387876534027399,-16.74653279582161,413034.1,2957.9,3.8,39441.0,143.3481901584654,10.954462051709758,val
2021,atlanta,445368.1,3.9,3002.3,39466.0,False,0.1822381615638733,0.20145563781261444,0.2007419764995575,0.19757728278636932,0.2581355571746826,0.1841317117214203,0.21370522677898407,0.19413970410823822,0.11324650049209595,0.545374870300293,True,0.15126702189445496,0.1251155287027359,0.09510869532823563,0.3665458858013153,0.9568236470222473,0.47821521759033203,0.006955146789550781,0.4264934567126386,-0.02239951491355896,0.05593080073595047,0.2277069091796875,0.059859395027160645,0.18529891967773438,0.00513458251953125,-9.487109302839725,65.48621496766849,0.09140762686729431,0.29291629791259766,0.23610474169254303,3.649616859931726,0.16013344453711387,20.191253502253616,429686.2,2997.5,3.4,32836.0,148.34230423342103,13.145255304266728,test
2022,atlanta,465257.3,3.0,3090.2,48501.0,False,0.11505518853664398,0.1636398583650589,0.133119598031044,0.1679619550704956,0.16380928456783295,0.1770859658718109,0.13732801377773285,0.16863535344600677,0.07738189399242401,0.6920576095581055,True,0.49098896980285645,0.12397647649049759,0.47493961453437805,0.6636472940444946,0.9981884360313416,1.0,0.4085502624511719,0.13868944773711012,-0.07637721300125122,-0.035864606499671936,0.1466827392578125,0.3397219479084015,0.521784782409668,0.4015951156616211,-35.73951566483736,224.58427729570764,0.15126702189445496,0.47821521759033203,0.21370522677898407,4.465789085477834,2.9277553875362017,22.893123194648556,445368.1,3002.3,3.9,39466.0,150.5589605850754,15.695100640735228,test
2023,atlanta,471540.0,3.2,3153.5,38639.0,False,0.20702607929706573,0.23127378523349762,0.22729647159576416,0.22914324700832367,0.25733861327171326,0.22284924983978271,0.2305537462234497,0.22702494263648987,0.07641413062810898,0.48194026947021484,True,0.1534206122159958,0.12470336258411407,0.11564009636640549,0.32065218687057495,1.0,0.5927629470825195,0.026622772216796875,0.3943983866837555,0.09322573244571686,-0.000967763364315033,-0.21011734008789062,-0.33756835758686066,-0.40723705291748047,-0.381927490234375,67.88544440510434,-68.75273750495907,0.49098896980285645,1.0,0.13732801377773285,1.3503710742421404,2.0484111060772747,-20.33360136904394,465257.3,3090.2,3.0,48501.0,149.52909465673062,12.252735056286665,test
2013,austin,113901.7,5.2,961.3,20852.0,False,0.2907000780105591,0.112474724650383,0.29063862562179565,0.10553179681301117,0.17278335988521576,0.12017624825239182,0.2513740062713623,0.11038103699684143,0.0064847576431930065,0.0450439453125,False,0.0,0.0,0.0,0.0,0.0,,,,,,,,,,,,,,,,,,,,,,118.48715281389785,21.691459481951526,train
2014,austin,120357.5,4.3,999.1,20276.0,False,0.12579771876335144,0.16354584693908691,0.12826363742351532,0.16521234810352325,0.09038707613945007,0.13902074098587036,0.11481614410877228,0.154814675450325,0.0064391749911010265,0.5947380065917969,False,0.0,0.0,0.0,0.0,0.0,,,,-0.13655786216259003,-4.558265209197998e-05,0.5496940612792969,0.0,,,-54.32457563459191,,0.0,,0.2513740062713623,5.667869750846566,3.932175179444508,-2.7623249568386687,113901.7,961.3,5.2,20852.0,120.46591932739466,20.29426483835452,train
2015,austin,129623.3,3.4,1032.2,22370.0,False,0.21985779702663422,0.07481538504362106,0.20485275983810425,0.055626992136240005,0.11790453642606735,0.049068063497543335,0.18087171018123627,0.058004435151815414,-0.023598017171025276,0.28076171875,False,0.0,0.0,0.0,0.0,0.0,,,,0.06605556607246399,-0.030037192162126303,-0.3139762878417969,0.0,,,57.53160113954494,,0.0,,0.11481614410877228,7.698564692686372,3.3129816835151704,10.32748076543697,120357.5,999.1,4.3,20276.0,125.57963572950979,21.67215655880643,train
2016,austin,135022.5,3.3,1066.2,21861.0,False,0.2276117205619812,0.06983773410320282,0.20524375140666962,0.05316862836480141,0.11019380390644073,0.048539478331804276,0.18101643025875092,0.05513569340109825,-0.043818436563014984,0.2748298645019531,False,0.0,0.0,0.0,0.0,0.0,,,,0.00014472007751464844,-0.020220419391989708,-0.005931854248046875,0.0,,,0.08001255551222108,,0.0,,0.18087171018123627,4.165300528531524,3.293935283859728,-2.2753687974966463,129623.3,1032.2,3.4,22370.0,126.63899831176138,20.50365785030951,train
2017,austin,141102.9,3.2,1104.7,26700.0,False,0.2849777638912201,0.09129543602466583,0.2559102773666382,0.07111334055662155,0.13894103467464447,0.06271236389875412,0.2266097068786621,0.073018379509449,-0.04483911767601967,0.12516021728515625,True,0.1886829137802124,0.18137377500534058,0.12560385465621948,0.4073067605495453,1.0,0.6019973754882812,0.07323074340820312,0.4675820893977014,0.045593276619911194,-0.0010206811130046844,-0.14966964721679688,0.1886829137802124,,,25.1873692099323,inf,0.0,,0.18101643025875092,4.503249458423597,3.610954792721821,22.135309455194175,135022.5,1066.2,3.3,21861.0,127.72960984882772,24.169457771340635,train
2018,austin,149306.1,3.0,1146.5,30035.0,False,0.5132408142089844,0.25003015995025635,0.5039598941802979,0.25105035305023193,0.4410872161388397,0.2735322117805481,0.48609593510627747,0.25714749097824097,-0.009730331599712372,0.07703781127929688,True,0.11763525754213333,0.0681835412979126,0.10477053374052048,0.16243961453437805,1.0,0.5686111450195312,0.007442474365234375,0.21859492924075052,0.25948622822761536,0.0351087860763073,-0.048122406005859375,-0.07104765623807907,-0.03338623046875,-0.06578826904296875,114.50799341378475,-37.65452568791632,0.1886829137802124,0.6019973754882812,0.2266097068786621,5.813629627739769,3.7838327147641904,12.49063670411985,141102.9,1104.7,3.2,26700.0,130.22773658962058,26.197121674662014,train
2019,austin,159055.7,2.8,1186.9,32037.0,False,0.24965021014213562,0.13257665932178497,0.2505287230014801,0.13143233954906464,0.1549309641122818,0.15115568041801453,0.2183699756860733,0.13709816336631775,0.007021919824182987,0.2744178771972656,True,0.6214891076087952,0.15615980327129364,0.6174516677856445,0.8272947072982788,1.0,0.9999542236328125,0.7765159606933594,0.14225579171773295,-0.26772595942020416,0.01675225142389536,0.19738006591796875,0.5038538500666618,0.43134307861328125,0.769073486328125,-55.07677396266849,428.31873759123357,0.11763525754213333,0.5686111450195312,0.48609593510627747,6.529940839657589,3.5237679895333773,6.66555685034127,149306.1,1146.5,3.0,30035.0,134.00935209368944,26.992164462043977,val
2021,austin,182249.0,4.1,1255.3,50907.0,False,0.26257529854774475,0.12436600029468536,0.2479279488325119,0.12053724378347397,0.16713418066501617,0.12826034426689148,0.22587913274765015,0.12246590107679367,-0.024562714621424675,0.20849609375,True,0.21931809186935425,0.12021695077419281,0.22856280207633972,0.33363527059555054,1.0,0.7835273742675781,0.0189056396484375,0.28689911468981544,0.15265310555696487,-0.01806296268478036,-0.5380630493164062,0.12866022437810898,0.6095848083496094,0.017032623291015625,208.46837035067654,141.9184323859521,0.09065786749124527,0.17394256591796875,0.07322602719068527,14.581872891068958,5.7629117870081625,58.90064612791459,159055.7,1186.9,2.8,32037.0,145.1836214450729,40.55365251334342,test
2022,austin,198966.5,3.0,1351.6,42362.0,False,0.4995795786380768,0.20160484313964844,0.4956112504005432,0.20754733681678772,0.4191436171531677,0.2440723031759262,0.4714447855949402,0.2167491912841797,-0.007055527530610561,0.00598907470703125,True,0.2971884608268738,0.1416785567998886,0.2629830837249756,0.43236714601516724,1.0,0.99835205078125,0.06850814819335938,0.21972060566438123,0.24556565284729004,0.017507187090814114,-0.20250701904296875,0.07787036895751953,0.21482467651367188,0.049602508544921875,108.7155107513333,35.505675019234694,0.21931809186935425,0.7835273742675781,0.22587913274765015,9.172889837529974,7.671472954672187,-16.785510833480664,182249.0,1255.3,4.1,50907.0,147.20812370523825,31.34211305119858,test
2023,austin,209210.2,3.5,1406.6,38773.0,False,0.3227040469646454,0.12196806818246841,0.30392563343048096,0.1114409863948822,0.18122747540473938,0.11919404566287994,0.2692857086658478,0.11539395153522491,-0.02411186695098877,0.07764053344726562,True,0.25122785568237305,0.09085578471422195,0.24728260934352875,0.3432970941066742,1.0,0.9884109497070312,0.022796630859375,0.17934945785431156,-0.2021590769290924,-0.017056339420378208,0.07165145874023438,-0.04596060514450073,-0.00994110107421875,-0.045711517333984375,-42.88075361231911,-15.465137851120991,0.2971884608268738,0.99835205078125,0.4714447855949402,5.148454639348832,4.06925125776858,-8.472215664982762,198966.5,1351.6,3.0,42362.0,148.73467936869048,27.565050476325894,test
2013,charlotte,140151.8,7.7,1053.2,,True,0.22617901861667633,0.19733504951000214,0.24712900817394257,0.19303511083126068,0.29464057087898254,0.18250316381454468,0.2559828758239746,0.19076552987098694,0.08359850198030472,0.3982391357421875,False,0.0,0.0,0.0,0.0,0.0,,,,,,,,,,,,,,,,,,,,,,133.07235093049752,,train
2014,charlotte,144692.5,6.0,1085.4,18537.0,False,0.12259931117296219,0.2015000730752945,0.1299169808626175,0.2062268853187561,0.1336963027715683,0.207427516579628,0.12873750925064087,0.20488359034061432,0.017107440158724785,0.6796379089355469,False,0.0,0.0,0.0,0.0,0.0,,,,-0.12724536657333374,-0.06649106182157993,0.2813987731933594,0.0,,,-49.708546387623755,,0.0,,0.2559828758239746,3.239844226046329,3.057349031522971,,140151.8,1053.2,7.7,,133.30799705177813,17.078496406854615,train
2015,charlotte,150775.5,5.4,1119.0,19543.0,False,0.2270682454109192,0.1575755923986435,0.24571360647678375,0.15456506609916687,0.27305683493614197,0.15298938751220703,0.24861286580562592,0.15494921803474426,0.05669020116329193,0.2665748596191406,False,0.0,0.0,0.0,0.0,0.0,,,,0.11987535655498505,0.039582761004567146,-0.41306304931640625,0.0,,,93.11610676077167,,0.0,,0.12873750925064087,4.204087979681037,3.095632946379201,5.426983870097635,144692.5,1085.4,6.0,18537.0,134.74128686327077,17.464700625558535,train
2016,charlotte,155409.3,4.8,1150.8,20574.0,False,0.34003928303718567,0.20869404077529907,0.35893797874450684,0.20334480702877045,0.3876403570175171,0.19440068304538727,0.3622058928012848,0.20202119648456573,0.04174152761697769,0.06827163696289062,False,0.0,0.0,0.0,0.0,0.0,,,,0.11359302699565887,-0.01494867354631424,-0.19830322265625,0.0,,,45.69072748007732,,0.0,,0.24861286580562592,3.0733109822218996,2.8418230563002744,5.275546231387196,150775.5,1119.0,5.4,19543.0,135.04457768508863,17.877997914494266,train
2017,charlotte,161179.5,4.3,1187.0,22869.0,False,0.19415339827537537,0.17770718038082123,0.2095436155796051,0.17422616481781006,0.24801629781723022,0.16356080770492554,0.21723772585391998,0.17173580825328827,0.06976170092821121,0.4866752624511719,True,0.14938051998615265,0.17875295877456665,0.07457729429006577,0.48188406229019165,0.9335748553276062,0.3848915100097656,0.08792877197265625,0.5692838402062095,-0.1449681669473648,0.02802017331123352,0.41840362548828125,0.14938051998615265,,,-40.023690897513355,inf,0.0,,0.3622058928012848,3.7129052122363504,3.1456378171706767,11.154855643044614,155409.3,1150.8,4.8,20574.0,135.78727885425442,19.266217354675653,train
2018,charlotte,164359.3,3.8,1214.3,26209.0,False,0.2218494713306427,0.2056547850370407,0.24535252153873444,0.20052750408649445,0.2991828918457031,0.18667542934417725,0.2554616332054138,0.197259783744812,0.08980000764131546,0.4023475646972656,True,0.11848184466362,0.08848238736391068,0.08665458858013153,0.25655192136764876,0.6026570200920105,0.4155921936035156,0.000431060791015625,0.37970370021446165,0.038223907351493835,0.020038306713104248,-0.08432769775390625,-0.030898675322532654,0.03070068359375,-0.08749771118164062,17.595427866519486,-20.68454128115026,0.14938051998615265,0.3848915100097656,0.21723772585391998,1.9728315325460155,2.29991575400168,14.604923695832795,161179.5,1187.0,4.3,22869.0,135.35312525734992,21.583628427900848,train
2019,charlotte,169895.2,3.6,1247.2,24637.0,False,0.3053351938724518,0.1899828016757965,0.32668381929397583,0.18251967430114746,0.33057084679603577,0.17806090414524078,0.3208632469177246,0.18333348631858826,0.04898218810558319,0.026523590087890625,True,0.4926970303058624,0.12491191178560257,0.49335747957229614,0.6560990214347839,0.9459540843963623,0.99993896484375,0.4800262451171875,0.14426422777982872,0.06540161371231079,-0.04081781953573227,-0.375823974609375,0.37421518564224243,0.5843467712402344,0.4795951843261719,25.60134486407284,315.8417955971829,0.11848184466362,0.4155921936035156,0.2554616332054138,3.368169613766936,2.7093798896483667,-5.997939639055283,164359.3,1214.3,3.8,26209.0,136.2212957023733,19.75384862091084,val
2021,charlotte,182426.5,4.7,1242.3,30126.0,False,0.33937737345695496,0.18598568439483643,0.35605913400650024,0.18157958984375,0.3955528438091278,0.16946916282176971,0.36366310715675354,0.17884796857833862,0.03312370553612709,0.007640838623046875,True,0.1857144683599472,0.0793527364730835,0.19112318754196167,0.28592994809150696,0.5211352705955505,0.794525146484375,1.1444091796875e-05,0.24315247094408554,0.24500413984060287,0.013110708445310593,-0.6771430969238281,0.07597625255584717,0.4733085632324219,-0.019500732421875,206.4775594985777,69.23408768689727,0.10973821580410004,0.3212165832519531,0.11865896731615067,7.375899966567623,-0.39288005131494774,22.27949831554166,169895.2,1247.2,3.6,24637.0,146.84576994284794,24.250181115672543,test
2022,charlotte,190401.1,3.5,1320.0,27212.0,False,0.1532619148492813,0.21141169965267181,0.17404833436012268,0.20578043162822723,0.21783429384231567,0.1944309026002884,0.18171483278274536,0.20363809168338776,0.15772710740566254,0.7183151245117188,True,0.4772080183029175,0.08450938016176224,0.4661835730075836,0.5869565010070801,0.9746376872062683,1.0,0.3292350769042969,0.09638547927844465,-0.18194827437400818,0.12460340186953545,0.7106742858886719,0.2914935499429703,0.205474853515625,0.3292236328125,-50.03209585831898,156.95791098946833,0.1857144683599472,0.794525146484375,0.36366310715675354,4.371404373816312,6.254527891813577,-9.67270795990175,182426.5,1242.3,4.7,30126.0,144.24325757575758,20.615151515151513,test
2023,charlotte,200472.4,3.4,1352.7,29419.0,False,0.390119343996048,0.21801762282848358,0.4084891080856323,0.2097470760345459,0.42658060789108276,0.19374941289424896,0.4083963632583618,0.2070760726928711,0.0394754596054554,0.07059478759765625,True,0.2830597758293152,0.1266745924949646,0.2475845366716385,0.47101449966430664,0.9432367086410522,0.9999313354492188,0.07825088500976562,0.2393618848262402,0.22668153047561646,-0.11825164780020714,-0.6477203369140625,-0.1941482424736023,-6.866455078125e-05,-0.25098419189453125,124.7457497025751,-40.68419536705328,0.4772080183029175,1.0,0.18171483278274536,5.289517760138995,2.477272727272739,8.110392473908568,190401.1,1320.0,3.5,27212.0,148.20167073260885,21.748355141568712,test
2013,dallas,421040.0,6.2,3221.8,37910.0,False,0.3512807786464691,0.20583224296569824,0.4004296660423279,0.19016389548778534,0.3376002907752991,0.20254334807395935,0.36310359835624695,0.1980251967906952,0.10259240120649338,0.1072845458984375,False,0.0,0.0,0.0,0.0,0.0,,,,,,,,,,,,,,,,,,,,,,130.68471041032961,11.766714259109813,train
2014,dallas,436761.9,5.1,3319.5,43752.0,False,0.1940736174583435,0.19892144203186035,0.2157117873430252,0.2063254863023758,0.17492930591106415,0.19552268087863922,0.1949048787355423,0.19943152368068695,0.05244718864560127,0.5147476196289062,False,0.0,0.0,0.0,0.0,0.0,,,,-0.16819871962070465,-0.050145212560892105,0.40746307373046875,0.0,,,-46.32251522213837,,0.0,,0.36310359835624695,3.734063271898158,3.0324663231733773,15.410182010023732,421040.0,3221.8,6.2,37910.0,131.57460460912787,13.180298237686399,train
2015,dallas,457628.5,4.1,3397.9,57146.0,False,0.27831020951271057,0.16823792457580566,0.318284809589386,0.16330304741859436,0.27142414450645447,0.1774708777666092,0.28933975100517273,0.16826729476451874,0.09536860883235931,0.22989273071289062,False,0.0,0.0,0.0,0.0,0.0,,,,0.09443487226963043,0.04292142018675804,-0.2848548889160156,0.0,,,48.45177446674636,,0.0,,0.1949048787355423,4.7775687393978306,2.3618014761259243,30.613457670506495,436761.9,3319.5,5.1,43752.0,134.6798022307896,16.818034668471704,train
2016,dallas,468230.2,3.9,3506.0,55800.0,False,0.2546824812889099,0.17283549904823303,0.28742504119873047,0.1693083494901657,0.23642420768737793,0.18275709450244904,0.2595106065273285,0.17371734976768494,0.08899352699518204,0.3456077575683594,False,0.0,0.0,0.0,0.0,0.0,,,,-0.02982914447784424,-0.006375081837177277,0.11571502685546875,0.0,,,-10.309383475383916,,0.0,,0.28933975100517273,2.3166607848942977,3.181376732687835,-2.3553704546249943,457628.5,3397.9,4.1,57146.0,133.55111237877924,15.915573302909298,train
2017,dallas,484938.4,3.7,3605.8,62524.0,False,0.23103097081184387,0.13996200263500214,0.27315226197242737,0.13199977576732635,0.19258397817611694,0.14195404946804047,0.232255756855011,0.13498632609844208,0.11255264282226562,0.2810325622558594,True,0.13740748167037964,0.15943661332130432,0.08665458858013153,0.3408816456794739,1.0,0.4252281188964844,0.040332794189453125,0.5137093729673738,-0.027254849672317505,0.023559115827083588,-0.0645751953125,0.13740748167037964,,,-10.50240297960513,inf,0.0,,0.2595106065273285,3.5683729926006436,2.846548773531099,12.050179211469537,468230.2,3506.0,3.9,55800.0,134.48843529868546,17.339841366687004,train
2018,dallas,507522.4,3.6,3689.4,63893.0,False,0.42408287525177,0.33693742752075195,0.4405992925167084,0.33826541900634766,0.43091386556625366,0.3268788158893585,0.43186527490615845,0.33361780643463135,0.025266997516155243,0.30865478515625,True,0.10283371806144714,0.06195535510778427,0.09329710155725479,0.13134057819843292,1.0,0.4068031311035156,0.004535675048828125,0.2151402690636428,0.19960951805114746,-0.08728564530611038,0.027622222900390625,-0.034573763608932495,-0.01842498779296875,-0.035797119140625,85.9438408563352,-25.1614855236703,0.13740748167037964,0.4252281188964844,0.232255756855011,4.657086343337635,2.318486882245274,2.1895592092636473,484938.4,3605.8,3.7,62524.0,137.5623136553369,17.317992085433946,train
2019,dallas,527388.4,3.3,3776.8,62708.0,False,0.3914321959018707,0.2120410054922104,0.4238990843296051,0.20301088690757751,0.38467246294021606,0.21954935789108276,0.40000128746032715,0.2108066976070404,0.06514963507652283,0.14092254638671875,True,0.6617139577865601,0.16191630065441132,0.6606280207633972,0.8804348111152649,1.0,1.0,0.8335418701171875,0.13918804486366865,-0.0318639874458313,0.039882637560367584,-0.16773223876953125,0.5588802397251129,0.5931968688964844,0.8290061950683594,-7.378224019691126,543.4795612380369,0.10283371806144714,0.4068031311035156,0.43186527490615845,3.9143099890763366,2.3689488805767933,-1.8546632651464168,507522.4,3689.4,3.6,63893.0,139.638953611523,16.603473840288075,val
2021,dallas,567181.1,5.1,3875.7,78705.0,False,0.4434465765953064,0.24565131962299347,0.4715922474861145,0.23738466203212738,0.4515222907066345,0.24175848066806793,0.4555204212665558,0.2410324662923813,0.04904904589056969,0.051311492919921875,True,0.24692004919052124,0.12714514136314392,0.2599637508392334,0.36624395847320557,1.0,0.8430366516113281,0.023693084716796875,0.2709721589063596,0.3277536481618881,-0.020499806851148605,-0.6518783569335938,0.17412492632865906,0.7463111877441406,0.02046966552734375,256.5249479169279,239.19861590052233,0.07279512286186218,0.0967254638671875,0.12776677310466766,7.545236110615994,2.6186189366659507,25.510301715889526,527388.4,3776.8,3.3,62708.0,146.34287999587173,20.307299326573265,test
2022,dallas,596261.4,3.6,4090.4,77927.0,False,0.5639845132827759,0.25824564695358276,0.5920544266700745,0.2418624609708786,0.5663778781890869,0.23692896962165833,0.5741389989852905,0.2451292872428894,0.05467924103140831,0.0777130126953125,True,0.33339565992355347,0.17776912450790405,0.2868357300758362,0.5474033772945404,1.0,0.9945220947265625,0.12287521362304688,0.26264410449257203,0.11861857771873474,0.005630195140838623,0.026401519775390625,0.08647561073303223,0.15148544311523438,0.09918212890625,26.040232705467005,35.021704805472666,0.24692004919052124,0.8430366516113281,0.4555204212665558,5.127163087768616,5.539644451324932,-0.9885013658598618,567181.1,3875.7,5.1,78705.0,145.7709270486994,19.05119303735576,test
2023,dallas,622787.0,3.8,4219.3,68029.0,False,0.4889715313911438,0.2324749380350113,0.519971489906311,0.22063598036766052,0.47220638394355774,0.2347661256790161,0.49371644854545593,0.22822269797325134,0.0481131412088871,0.0368804931640625,True,0.39104586839675903,0.17789942026138306,0.33363527059555054,0.6485507488250732,1.0,0.9999885559082031,0.27144622802734375,0.25133357175729554,-0.0804225504398346,-0.00656609982252121,-0.04083251953125,0.057650208473205566,0.005466461181640625,0.14857101440429688,-14.007505252555575,17.291829319681185,0.33339565992355347,0.9945220947265625,0.5741389989852905,4.448652889487725,3.151281048308241,-12.701631013640968,596261.4,4090.4,3.6,77927.0,147.60434195245656,16.123290593226365,test
2013,denver,195455.0,6.4,1524.1,15475.0,False,0.35319337248802185,0.16996844112873077,0.37246987223625183,0.1669362485408783,0.3787904977798462,0.16298122704029083,0.3681512475013733,0.1661006212234497,0.03361118957400322,0.03095245361328125,False,0.0,0.0,0.0,0.0,0.0,,,,,,,,,,,,,,,,,,,,,,128.24289744767404,10.153533232727511,train
2014,denver,204078.5,4.7,1573.8,15767.0,False,0.5023491382598877,0.3226865231990814,0.518422544002533,0.31495821475982666,0.526629626750946,0.30007436871528625,0.515800416469574,0.3121849000453949,0.03578726202249527,0.14620208740234375,False,0.0,0.0,0.0,0.0,0.0,,,,0.14764916896820068,0.00217607244849205,0.1152496337890625,0.0,,,40.10557344849141,,0.0,,0.3681512475013733,4.412012995318615,3.2609408831441478,1.886914378029081,195455.0,1524.1,6.4,15475.0,129.6724488499174,10.018426737832,train
2015,denver,214485.6,3.5,1611.5,18326.0,False,0.13866554200649261,0.21419689059257507,0.15169836580753326,0.21955184638500214,0.1546623706817627,0.21882541477680206,0.14834211766719818,0.21725817024707794,0.03728928789496422,0.6803207397460938,False,0.0,0.0,0.0,0.0,0.0,,,,-0.3674582988023758,0.0015020258724689484,0.53411865234375,0.0,,,-71.24040366571735,,0.0,,0.515800416469574,5.099557278204214,2.395475918159873,16.230100843533958,204078.5,1573.8,4.7,15767.0,133.0968662736581,11.372013651877133,train
2016,denver,219422.5,2.9,1671.9,21947.0,False,0.19346649944782257,0.2610827088356018,0.2045874148607254,0.2654759883880615,0.21699096262454987,0.26870566606521606,0.20501495897769928,0.2646181583404541,0.02188645862042904,0.5283279418945312,False,0.0,0.0,0.0,0.0,0.0,,,,0.0566728413105011,-0.01540282927453518,-0.1519927978515625,0.0,,,38.204147413915976,,0.0,,0.14834211766719818,2.3017396039640925,3.748060812907239,19.758812615955467,214485.6,1611.5,3.5,18326.0,131.24140199772714,13.126981278784616,train
2017,denver,228073.2,2.5,1725.8,22735.0,False,0.3308394253253937,0.2185562551021576,0.351874440908432,0.2147652804851532,0.3556068539619446,0.21393150091171265,0.3461069166660309,0.21544839441776276,0.04603806138038635,0.11764144897460938,True,0.18861764669418335,0.22607620060443878,0.10839372128248215,0.4519927501678467,1.0,0.5537338256835938,0.09090042114257812,0.5011463459757708,0.1410919576883316,0.024151602759957314,-0.4106864929199219,0.18861764669418335,,,68.82032335195551,inf,0.0,,0.20501495897769928,3.942485387779282,3.2238770261379113,3.5904679455050825,219422.5,1671.9,2.9,21947.0,132.15505852358328,13.17360064897439,train
2018,denver,238009.8,2.9,1767.9,21729.0,False,0.5057197213172913,0.3218747675418854,0.5144126415252686,0.3194996416568756,0.5215250849723816,0.31359389424324036,0.5138858556747437,0.3181231617927551,0.013392570428550243,0.17113494873046875,True,0.31645381450653076,0.19443994760513306,0.31521740555763245,0.570652186870575,1.0,0.8049545288085938,0.17761993408203125,0.3498036457740792,0.16777893900871277,-0.03264549095183611,0.053493499755859375,0.1278361678123474,0.251220703125,0.08671951293945312,48.47604336396656,67.77529571218517,0.18861764669418335,0.5537338256835938,0.3461069166660309,4.356759145747935,2.4394483717696147,-4.424895535517925,228073.2,1725.8,2.5,22735.0,134.62854233836754,12.29085355506533,train
2019,denver,251725.1,2.5,1805.9,19308.0,False,0.1957651674747467,0.22027623653411865,0.21464264392852783,0.2198680341243744,0.23405790328979492,0.20876409113407135,0.2148219347000122,0.2153119593858719,0.06920197606086731,0.5320396423339844,True,0.3375769853591919,0.15978190302848816,0.29891306161880493,0.48792269825935364,1.0,0.9999046325683594,0.09404373168945312,0.22183404881817803,-0.29906392097473145,0.055809405632317066,0.3609046936035156,0.021123170852661133,0.19495010375976562,-0.08357620239257812,-58.1965659634772,6.674961679826796,0.31645381450653076,0.8049545288085938,0.5138858556747437,5.762493813279956,2.149442841789684,-11.141792075107004,238009.8,1767.9,2.9,21729.0,139.3903870646215,10.69162190597486,val
2021,denver,269793.6,5.4,1788.8,30006.0,False,0.19398029148578644,0.23826977610588074,0.2061433494091034,0.24252024292945862,0.20432227849960327,0.24334479868412018,0.20148199796676636,0.2412346452474594,0.027663584798574448,0.4285545349121094,True,0.17891237139701843,0.1322440803050995,0.13647343218326569,0.3131038546562195,1.0,0.8139419555664062,0.03014373779296875,0.31365912151145325,-0.08265453577041626,-0.07202807441353798,-0.09201431274414062,0.08473560959100723,0.5322799682617188,-0.00011444091796875,-29.08972481760094,89.9750723703463,0.0941767618060112,0.2816619873046875,0.2841365337371826,7.177869827045447,-0.946896284401133,55.40708514605346,251725.1,1805.9,2.5,19308.0,150.8237924865832,16.77437388193202,test
2022,denver,284018.8,3.0,1864.2,23009.0,False,0.41218602657318115,0.17701750993728638,0.43334436416625977,0.17251920700073242,0.42447832226753235,0.17240053415298462,0.4233362674713135,0.17351879179477692,0.03047270141541958,0.005466461181640625,True,0.6571527123451233,0.17510026693344116,0.6621376872062683,0.8671497702598572,1.0,0.9892349243164062,0.8736076354980469,0.14290397775000807,0.22185426950454712,0.002809116616845131,-0.42308807373046875,0.47824034094810486,0.17529296875,0.8434638977050781,110.11121179230172,267.3042323534228,0.17891237139701843,0.8139419555664062,0.20148199796676636,5.272623220120876,4.215116279069764,-23.318669599413454,269793.6,1788.8,5.4,30006.0,152.35425383542537,12.342559811179058,test
2023,denver,294160.0,3.2,1883.0,20650.0,False,0.2690013349056244,0.13444378972053528,0.28783658146858215,0.13105018436908722,0.2722053527832031,0.12103467434644699,0.27634772658348083,0.12787599861621857,0.04451112821698189,0.08132553100585938,True,0.30861300230026245,0.250803142786026,0.25573670864105225,0.705917876958847,1.0,0.7415237426757812,0.21244430541992188,0.4488042866973876,-0.14698854088783264,0.01403842680156231,0.07585906982421875,-0.34853971004486084,-0.247711181640625,-0.661163330078125,-34.72146191627511,-53.03785611734869,0.6571527123451233,0.9892349243164062,0.4233362674713135,3.5706087061842418,1.008475485462923,-10.252509887435346,284018.8,1864.2,3.0,23009.0,156.21879978757303,10.966542750929367,test
2013,houston,444930.9,6.1,2974.3,51333.0,False,0.3168104887008667,0.1207534447312355,0.2677733898162842,0.10759084671735764,0.17715944349765778,0.11792338639497757,0.2539144456386566,0.1128389835357666,-0.07736588269472122,0.0628662109375,False,0.0,0.0,0.0,0.0,0.0,,,,,,,,,,,,,,,,,,,,,,149.5918031133376,17.25885082204216,train
2014,houston,452654.5,5.0,3065.5,63749.0,False,0.2995093762874603,0.1619626134634018,0.2619840204715729,0.14067307114601135,0.18255998194217682,0.12130018323659897,0.248017817735672,0.1389879435300827,-0.05251732096076012,0.15702056884765625,False,0.0,0.0,0.0,0.0,0.0,,,,-0.005896627902984619,0.024848561733961105,0.09415435791015625,0.0,,,-2.322289260917454,,0.0,,0.2539144456386566,1.7359100031038466,3.0662676932387445,24.187170046558748,444930.9,2974.3,6.1,51333.0,147.6609036046322,20.795628771815366,train
2015,houston,477473.7,4.6,3093.7,56901.0,False,0.24427543580532074,0.08271390199661255,0.20629864931106567,0.05889689549803734,0.13322794437408447,0.06021564453840256,0.1946006566286087,0.06532537937164307,-0.07024750113487244,0.21982574462890625,False,0.0,0.0,0.0,0.0,0.0,,,,-0.05341716110706329,-0.01773018017411232,0.06280517578125,0.0,,,-21.537630479433247,,0.0,,0.248017817735672,5.483033969617002,0.9199151851247755,-10.74212928830256,452654.5,3065.5,5.0,63749.0,154.3374276755988,18.39253967740893,train
2016,houston,467374.2,5.2,3159.0,44732.0,False,0.11015409231185913,0.14259427785873413,0.10309258103370667,0.13209597766399384,0.06258738785982132,0.10291877388954163,0.09194468706846237,0.12430193275213242,-0.011705614626407623,0.6971588134765625,False,0.0,0.0,0.0,0.0,0.0,,,,-0.10265596956014633,0.05854188650846481,0.47733306884765625,0.0,,,-52.75211879478039,,0.0,,0.1946006566286087,-2.1151950358731852,2.1107411836958967,-21.386267376671764,477473.7,3093.7,4.6,56901.0,147.9500474833808,14.160177271288383,train
2017,houston,470676.1,5.0,3196.5,42395.0,False,0.27640384435653687,0.09372876584529877,0.22236451506614685,0.07131927460432053,0.1359366923570633,0.07179171591997147,0.21156835556030273,0.07662566006183624,-0.09798644483089447,0.165313720703125,True,0.2814081907272339,0.1707403063774109,0.23037439584732056,0.49818840622901917,1.0,0.9759559631347656,0.09911727905273438,0.29286925410610176,0.11962366849184036,-0.08628083020448685,-0.5318450927734375,0.2814081907272339,,,130.10394869555446,inf,0.0,,0.09194468706846237,0.7064788770967612,1.187084520417847,-5.224447822587852,467374.2,3159.0,5.2,44732.0,147.24733302049117,13.262943844830284,train
2018,houston,491192.1,4.3,3264.3,57288.0,False,0.41728150844573975,0.1329583376646042,0.3749823272228241,0.13741077482700348,0.29484838247299194,0.15630243718624115,0.3623707592487335,0.13983199000358582,-0.057303790003061295,0.004596710205078125,True,0.1764259785413742,0.16555269062519073,0.09420289844274521,0.4538043439388275,1.0,0.4635734558105469,0.07986068725585938,0.44229866774696003,0.1508024036884308,0.040682654827833176,-0.16071701049804688,-0.10498221218585968,-0.5123825073242188,-0.019256591796875,71.27833616187841,-37.30602578217699,0.2814081907272339,0.9759559631347656,0.21156835556030273,4.35883615080519,2.121069920225249,35.1291425875693,470676.1,3196.5,5.0,42395.0,150.47394540942926,17.54985754985755,train
2019,houston,486910.8,3.8,3328.1,63672.0,False,0.12404896318912506,0.2134997844696045,0.11544544249773026,0.20390035212039948,0.09182070940732956,0.183673694729805,0.11043836921453476,0.19883722066879272,-0.013880975544452667,0.7277946472167969,True,0.5634516477584839,0.16037923097610474,0.5374395847320557,0.7847222089767456,1.0,1.0,0.6075172424316406,0.15674484759806062,-0.25193239003419876,0.04342281445860863,0.7231979370117188,0.3870256692171097,0.5364265441894531,0.5276565551757812,-69.52337726048994,219.37000005152137,0.1764259785413742,0.4635734558105469,0.3623707592487335,-0.8716141810912625,1.9544772232944263,11.143695014662747,491192.1,3264.3,4.3,57288.0,146.30293560890598,19.13163666957123,val
2021,houston,516306.8,6.2,3282.3,69263.0,False,0.49761733412742615,0.27401405572891235,0.48850420117378235,0.27654698491096497,0.4593339264392853,0.3061455488204956,0.4818185865879059,0.28501567244529724,-0.011086288839578629,0.11339569091796875,True,0.291384220123291,0.10354695469141006,0.2723430097103119,0.3997584581375122,1.0,1.0,0.033519744873046875,0.17354426168343906,0.04333040118217468,-0.009276787168346345,-0.0663299560546875,0.1614629030227661,0.6144561767578125,0.014354705810546875,9.88177164729791,124.27745240439361,0.1299213171005249,0.3855438232421875,0.4384881854057312,6.03724542565085,-1.376160572098184,8.780939816559874,486910.8,3328.1,3.8,63672.0,157.30030771105626,21.10197117874661,test
2022,houston,530962.7,4.2,3439.4,75633.0,False,0.2965884804725647,0.12367625534534454,0.2682291269302368,0.1291930228471756,0.18660886585712433,0.1368527114391327,0.2504754960536957,0.12814177572727203,-0.054427970200777054,0.08837890625,True,0.4246194362640381,0.26018911600112915,0.32457730174064636,0.8309178948402405,1.0,0.9756546020507812,0.3428077697753906,0.3405574483278253,-0.2313430905342102,-0.043341681361198425,-0.02501678466796875,0.13323521614074707,-0.02434539794921875,0.30928802490234375,-48.01456335931585,45.72492500945054,0.291384220123291,1.0,0.4818185865879059,2.838602939182655,4.786277914876758,9.196829476055047,516306.8,3282.3,6.2,69263.0,154.3765482351573,21.99017270454149,test
2023,houston,564140.5,4.2,3567.8,68755.0,False,0.2531844973564148,0.11493193358182907,0.2202284038066864,0.10702872276306152,0.13842260837554932,0.11695441603660583,0.20394514501094818,0.11135153472423553,-0.06527417153120041,0.24334335327148438,True,0.19719789922237396,0.15501615405082703,0.11503623425960541,0.4507850110530853,1.0,0.5664176940917969,0.058170318603515625,0.4016181542166115,-0.0465303510427475,-0.010846201330423355,0.15496444702148438,-0.22742153704166412,-0.4092369079589844,-0.284637451171875,-18.576807622240445,-53.55890890030955,0.4246194362640381,0.9756546020507812,0.2504754960536957,6.248612190649183,3.7332092806884987,-9.093914032234608,530962.7,3439.4,4.2,75633.0,158.11998990974828,19.27097931498402,test
2013,jacksonville,69428.6,7.3,653.5,7358.0,False,0.16683077812194824,0.20857994258403778,0.19187362492084503,0.20339132845401764,0.2641906142234802,0.18593038618564606,0.20763172209262848,0.19895191490650177,0.16508261859416962,0.5981407165527344,False,0.0,0.0,0.0,0.0,0.0,,,,,,,,,,,,,,,,,,,,,,106.24116296863046,11.25937260902831,train
2014,jacksonville,71128.7,6.5,665.6,7781.0,False,0.1542782038450241,0.23791444301605225,0.16748446226119995,0.2366243302822113,0.19544373452663422,0.23666954040527344,0.17240215837955475,0.23624363541603088,0.06675617396831512,0.7114124298095703,False,0.0,0.0,0.0,0.0,0.0,,,,-0.03522956371307373,-0.09832644462585449,0.11327171325683594,0.0,,,-16.96733204252727,,0.0,,0.20763172209262848,2.448702696007099,1.8515684774292218,5.748844794781194,69428.6,653.5,7.3,7358.0,106.86403245192307,11.690204326923077,train
2015,jacksonville,74123.6,5.4,680.4,9671.0,False,0.22157995402812958,0.2081770896911621,0.23992814123630524,0.20345118641853333,0.29193463921546936,0.1889439821243286,0.251147598028183,0.19997474551200867,0.07002600282430649,0.48480987548828125,False,0.0,0.0,0.0,0.0,0.0,,,,0.07874543964862823,0.0032698288559913635,-0.22660255432128906,0.0,,,45.67543723859011,,0.0,,0.17240215837955475,4.2105366750692985,2.223557692307687,24.28993702608919,71128.7,665.6,6.5,7781.0,108.94121105232217,14.213697824808936,train
2016,jacksonville,76911.8,4.7,702.1,11768.0,False,0.3185340464115143,0.2547394931316376,0.33642715215682983,0.2497682273387909,0.3779646158218384,0.23422105610370636,0.34430861473083496,0.24596109986305237,0.05341525003314018,0.2880268096923828,False,0.0,0.0,0.0,0.0,0.0,,,,0.09316101670265198,-0.016610752791166306,-0.19678306579589844,0.0,,,37.094130078917864,,0.0,,0.251147598028183,3.7615550243107476,3.189300411522633,21.68338331092958,74123.6,680.4,5.4,9671.0,109.54536390827518,16.76114513602051,train
2017,jacksonville,80341.7,4.1,723.0,12959.0,False,0.26052144169807434,0.2560775578022003,0.2770332992076874,0.2514685392379761,0.32715120911598206,0.23260769248008728,0.2882353365421295,0.24656391143798828,0.08560212701559067,0.4338703155517578,True,0.29381510615348816,0.2345636785030365,0.2113526612520218,0.6853864789009094,1.0,0.8222465515136719,0.19499588012695312,0.4206825108850052,-0.056073278188705444,0.032186876982450485,0.145843505859375,0.29381510615348816,,,-16.285761026496825,inf,0.0,,0.34430861473083496,4.459523766184126,2.9767839339125413,10.12066621346024,76911.8,702.1,4.7,11768.0,111.12268326417704,17.92392807745505,train
2018,jacksonville,82993.6,3.5,741.0,15450.0,False,0.16002929210662842,0.2349306046962738,0.17819921672344208,0.2332402765750885,0.2272079437971115,0.2319936454296112,0.18847882747650146,0.23220594227313995,0.10006067901849747,0.658721923828125,True,0.07137071341276169,0.07613461464643478,0.05283816531300545,0.15187197923660278,0.6554951667785645,0.16876220703125,0.0015430450439453125,0.4858642557998605,-0.09975650906562805,0.0144585520029068,0.2248516082763672,-0.22244439274072647,-0.6534843444824219,-0.1934528350830078,-34.609396010349094,-75.70897073771359,0.29381510615348816,0.8222465515136719,0.2882353365421295,3.300776558126106,2.4896265560165887,19.22216220387376,80341.7,723.0,4.1,12959.0,112.00215924426452,20.850202429149796,train
2019,jacksonville,86527.4,3.2,755.5,14687.0,False,0.19569939374923706,0.23251751065254211,0.21206654608249664,0.23057697713375092,0.24096861481666565,0.2278662472963333,0.2162448763847351,0.22992363572120667,0.06658951193094254,0.60797119140625,True,0.4182487726211548,0.12874555587768555,0.40640097856521606,0.5926932096481323,0.9516907930374146,0.9997634887695312,0.2491893768310547,0.17313713315204948,0.027766048908233643,-0.03347116708755493,-0.050750732421875,0.3468780592083931,0.8310012817382812,0.24764633178710938,14.731654096105506,486.02296743522305,0.07137071341276169,0.16876220703125,0.18847882747650146,4.257918682886386,1.9568151147098423,-4.938511326860839,82993.6,741.0,3.5,15450.0,114.52998014559893,19.44010589013898,val
2021,jacksonville,94752.9,4.2,764.8,22738.0,False,0.21752630174160004,0.211749866604805,0.23519504070281982,0.2073671519756317,0.2952518165111542,0.19055457413196564,0.24932442605495453,0.20303989946842194,0.0743148997426033,0.44762229919433594,True,0.14971418678760529,0.08559893816709518,0.16696859896183014,0.25422704219818115,0.4969806969165802,0.6344585418701172,0.0,0.3242491960071525,0.10267961025238037,0.010446757078170776,-0.2404937744140625,0.08660133183002472,0.45562171936035156,-0.009313583374023438,70.01925686252453,137.21662866975555,0.06311285495758057,0.17883682250976562,0.14664481580257416,9.506237330602785,1.2309728656518804,54.8171852658814,86527.4,755.5,3.2,14687.0,123.89239016736401,29.730648535564857,test
2022,jacksonville,100863.6,3.0,803.0,23163.0,False,0.256841778755188,0.2422424852848053,0.2793704569339752,0.23681165277957916,0.33239322900772095,0.21751627326011658,0.28953519463539124,0.23197177052497864,0.08582231402397156,0.3766975402832031,True,0.60179203748703,0.17494866251945496,0.5827294588088989,0.8478260636329651,1.0,1.0,0.6360454559326172,0.16697513629554273,0.04021076858043671,0.011507414281368256,-0.07092475891113281,0.45207785069942474,0.3655414581298828,0.6360454559326172,16.127889760618032,301.96059598598566,0.14971418678760529,0.6344585418701172,0.24932442605495453,6.449090212542319,4.994769874477001,1.8691177764095457,94752.9,764.8,4.2,22738.0,125.60846824408469,28.845579078455792,test
2023,jacksonville,105893.1,3.1,822.1,20326.0,False,0.2519527077674866,0.2593332827091217,0.27523380517959595,0.25360026955604553,0.31980448961257935,0.2334427684545517,0.28233033418655396,0.24861113727092743,0.12907706201076508,0.49371910095214844,True,0.23233917355537415,0.1653239130973816,0.1721014380455017,0.47826087474823,1.0,0.8137779235839844,0.08761024475097656,0.3651453477924589,-0.00720486044883728,0.04325474798679352,0.11702156066894531,-0.3694528639316559,-0.18622207641601562,-0.5484352111816406,-2.4884230250178385,-61.392115700703066,0.60179203748703,1.0,0.28953519463539124,4.986437128954346,2.378580323785795,-12.24798169494452,100863.6,803.0,3.0,23163.0,128.80805254835178,24.724486072253985,test
2013,las_vegas,102677.7,10.0,897.4,8573.0,False,0.4311318099498749,0.37947726249694824,0.4393139183521271,0.3808041214942932,0.4397597312927246,0.3788987100124359,0.4367351830005646,0.37956923246383667,0.010403958149254322,0.3894195556640625,False,0.0,0.0,0.0,0.0,0.0,,,,,,,,,,,,,,,,,,,,,,114.41687096055271,9.553153554713617,train
2014,las_vegas,104183.5,8.3,925.9,10036.0,False,0.5587063431739807,0.31169480085372925,0.5699939131736755,0.30389076471328735,0.555234432220459,0.3163418173789978,0.5613115429878235,0.3103880286216736,0.022230559960007668,0.13437271118164062,False,0.0,0.0,0.0,0.0,0.0,,,,0.12457635998725891,0.011826601810753345,-0.2550468444824219,0.0,,,28.524461695841396,,0.0,,0.4367351830005646,1.4665307072519118,3.1758413193670565,17.065204712469374,102677.7,897.4,10.0,8573.0,112.52133059725672,10.83918349713792,train
2015,las_vegas,108812.8,7.0,954.5,10605.0,False,0.6381725668907166,0.28347501158714294,0.6522060036659241,0.2740460932254791,0.6413469910621643,0.27367275953292847,0.6439086198806763,0.2767435908317566,0.022368520498275757,0.07973861694335938,False,0.0,0.0,0.0,0.0,0.0,,,,0.08259707689285278,0.0001379605382680893,-0.05463409423828125,0.0,,,14.715014847760678,,0.0,,0.5613115429878235,4.443409944952892,3.088886488821685,5.669589477879633,104183.5,925.9,8.3,10036.0,113.99979046621267,11.11052907281299,train
2016,las_vegas,112331.2,5.9,971.1,13577.0,False,0.699047327041626,0.2853555977344513,0.7058188915252686,0.2794415354728699,0.70325767993927,0.2754802703857422,0.7027080059051514,0.27984535694122314,0.011494318023324013,0.0797271728515625,False,0.0,0.0,0.0,0.0,0.0,,,,0.0587993860244751,-0.010874202474951744,-1.1444091796875e-05,0.0,,,9.131635174471086,,0.0,,0.6439086198806763,3.233443124338309,1.7391304347826209,28.024516737388016,108812.8,954.5,7.0,10605.0,115.67418391514776,13.981052414787355,train
2017,las_vegas,116332.4,5.2,1002.1,14073.0,False,0.3726733922958374,0.2999541163444519,0.3980115056037903,0.29116249084472656,0.369981050491333,0.2956424355506897,0.3802219033241272,0.29473641514778137,0.059441566467285156,0.2633838653564453,True,0.19697247445583344,0.20082466304302216,0.1304347813129425,0.37771740555763245,1.0,0.6896915435791016,0.07356452941894531,0.4416261552540226,-0.32248610258102417,0.047947248443961143,0.1836566925048828,0.19697247445583344,,,-45.89190671958162,inf,0.0,,0.7027080059051514,3.5619667554517287,3.192256204304389,3.653237092141115,112331.2,971.1,5.9,13577.0,116.08861391078734,14.043508631873067,train
2018,las_vegas,122721.4,4.6,1040.3,12044.0,False,0.4107106029987335,0.3675456941127777,0.4208427369594574,0.3690148890018463,0.41607749462127686,0.36824682354927063,0.41587701439857483,0.3681178689002991,0.01648915931582451,0.38689422607421875,True,0.5109657049179077,0.17061395943164825,0.5320048332214355,0.717391312122345,1.0,0.9947929382324219,0.5696849822998047,0.18959610070215605,0.03565511107444763,-0.04295240715146065,0.12351036071777344,0.3139932304620743,0.3051013946533203,0.4961204528808594,9.377447948876515,159.4096999235698,0.19697247445583344,0.6896915435791016,0.3802219033241272,5.492021139424619,3.8119948108971125,-14.417679243942306,116332.4,1002.1,5.2,14073.0,117.96731712006152,11.577429587618957,train
2019,las_vegas,128195.3,4.3,1081.2,13903.0,False,0.6128997206687927,0.27216997742652893,0.6261290907859802,0.26344817876815796,0.61420077085495,0.27295181155204773,0.617743194103241,0.2691790759563446,0.02109462581574917,0.06438827514648438,True,0.5107114911079407,0.15602080523967743,0.4870169162750244,0.6865941882133484,1.0,0.9999923706054688,0.45522499084472656,0.16043218416824656,0.20186617970466614,0.00460546649992466,-0.3225059509277344,-0.000254213809967041,0.005199432373046875,-0.11445999145507812,48.53987422137218,-0.04975163842119157,0.5109657049179077,0.9947929382324219,0.41587701439857483,4.4604282545668505,3.9315582043641273,15.435071404848877,122721.4,1040.3,4.6,12044.0,118.56761006289308,12.858860525342212,val
2021,las_vegas,130270.4,7.8,1007.6,16307.0,False,0.6794098615646362,0.29664409160614014,0.6855069398880005,0.2892904579639435,0.6798213124275208,0.28994736075401306,0.6815794110298157,0.29175180196762085,0.010778042487800121,0.10511970520019531,True,0.34250035881996155,0.14635780453681946,0.34057971835136414,0.5087560415267944,1.0,0.9418106079101562,0.11498260498046875,0.23205297036985018,0.06786954402923584,-0.013851405121386051,0.05340385437011719,-0.0052505433559417725,0.15099334716796875,-0.19436264038085938,11.058897319174399,-1.5098575799771474,0.3477509021759033,0.7908172607421875,0.6137098670005798,1.6187020897021842,-6.807251202367737,17.29123210817809,128195.3,1081.2,4.3,13903.0,129.28781262405715,16.184001587931718,test
2022,las_vegas,141930.9,5.6,1081.8,13066.0,False,0.44069528579711914,0.37525931000709534,0.44795966148376465,0.37697234749794006,0.44180619716644287,0.3711856007575989,0.4434870779514313,0.37431100010871887,0.007975863292813301,0.3864288330078125,True,0.3247275650501251,0.21256597340106964,0.2838164269924164,0.5625,1.0,0.9265060424804688,0.1476917266845703,0.3439956392804795,-0.2380923330783844,-0.0028021791949868202,0.2813091278076172,-0.017772793769836426,-0.0153045654296875,0.03270912170410156,-34.93244209337906,-5.189131430714456,0.34250035881996155,0.9418106079101562,0.6815794110298157,8.950997310210141,7.364033346566101,-19.874900349543147,130270.4,1007.6,7.8,16307.0,131.19883527454243,12.078018117951563,test
2023,las_vegas,147606.3,5.4,1124.2,13073.0,False,0.49005013704299927,0.39522749185562134,0.4963618814945221,0.3952491879463196,0.4816453158855438,0.38907378911972046,0.4893523156642914,0.39309483766555786,0.007946829311549664,0.3595237731933594,True,0.5715841054916382,0.19635282456874847,0.58423912525177,0.8173308968544006,1.0,0.9866008758544922,0.6626300811767578,0.19439975534137632,0.04586523771286011,-2.9033981263637543e-05,-0.026905059814453125,0.24685654044151306,0.06009483337402344,0.5149383544921875,10.341955829856907,76.0195828781607,0.3247275650501251,0.9265060424804688,0.4434870779514313,3.9987064127684713,3.91939360325384,0.05357416194704534,141930.9,1081.8,5.6,13066.0,131.2989681551325,11.628713752001422,test
2013,nashville,105863.8,6.1,816.4,10889.0,False,0.13727159798145294,0.17560097575187683,0.1526714265346527,0.18036842346191406,0.17219464480876923,0.1862621307373047,0.15404586493968964,0.18032440543174744,0.05085260048508644,0.6145439147949219,False,0.0,0.0,0.0,0.0,0.0,,,,,,,,,,,,,,,,,,,,,,129.67148456638904,13.33782459578638,train
2014,nashville,110695.7,5.2,830.4,15040.0,False,0.3569466471672058,0.20453935861587524,0.3722817599773407,0.19984927773475647,0.39791783690452576,0.19284968078136444,0.3757154643535614,0.19895868003368378,0.03060617297887802,0.0241241455078125,False,0.0,0.0,0.0,0.0,0.0,,,,0.22166959941387177,-0.02024642750620842,-0.5904197692871094,0.0,,,143.89844187032054,,0.0,,0.15404586493968964,4.564260871043735,1.714845663890241,38.121039581228764,105863.8,816.4,6.1,10889.0,133.30407032755298,18.11175337186898,train
2015,nashville,117805.8,4.5,856.7,18291.0,False,0.12936539947986603,0.15379507839679718,0.15259504318237305,0.15180131793022156,0.2074756920337677,0.1439862996339798,0.16314536333084106,0.14964726567268372,0.1511911004781723,0.7091712951660156,False,0.0,0.0,0.0,0.0,0.0,,,,-0.21257010102272034,0.12058492749929428,0.6850471496582031,0.0,,,-56.57741594119864,,0.0,,0.3757154643535614,6.423104059145945,3.167148362235084,21.61569148936171,110695.7,830.4,5.2,15040.0,137.5111474261702,21.350531107739,train
2016,nashville,122065.9,3.8,893.9,20182.0,False,0.1849961280822754,0.1830562949180603,0.20067442953586578,0.1814955174922943,0.24634163081645966,0.17233507335186005,0.21067073941230774,0.1788279414176941,0.07897347211837769,0.5613517761230469,False,0.0,0.0,0.0,0.0,0.0,,,,0.047525376081466675,-0.07221762835979462,-0.14781951904296875,0.0,,,29.130693702333655,,0.0,,0.16314536333084106,3.616205653711435,4.342243492471098,10.33841780110436,117805.8,856.7,4.5,18291.0,136.5543125629265,22.577469515605774,train
2017,nashville,127668.0,3.0,933.9,20631.0,False,0.3174412250518799,0.31668776273727417,0.32672664523124695,0.31449732184410095,0.34633684158325195,0.31152233481407166,0.3301682472229004,0.3136686682701111,0.02635304629802704,0.409698486328125,True,0.2233237624168396,0.10601656138896942,0.20078502595424652,0.3879830837249756,0.6280193328857422,0.9373207092285156,0.0258331298828125,0.25479910227448,0.11949750781059265,-0.05262042582035065,-0.15165328979492188,0.2233237624168396,,,56.72240394842958,inf,0.0,,0.21067073941230774,4.589406214184311,4.474773464593351,2.224754731939349,122065.9,893.9,3.8,20182.0,136.7041439126245,22.091230324445874,train
2018,nashville,131462.8,2.8,968.1,19159.0,False,0.18933889269828796,0.15899443626403809,0.21007733047008514,0.1567845344543457,0.22309541702270508,0.15568985044956207,0.20750385522842407,0.15701062977313995,0.0766046941280365,0.5284919738769531,True,0.08164267241954803,0.05643891170620918,0.06219806894659996,0.15247584879398346,0.6011473536491394,0.23251724243164062,0.000247955322265625,0.32634122617508665,-0.12266439199447632,0.05025164783000946,0.11879348754882812,-0.14168108999729156,-0.704803466796875,-0.025585174560546875,-37.15208625487968,-63.44201282657962,0.2233237624168396,0.9373207092285156,0.3301682472229004,2.972397155121076,3.6620623193061475,-7.134894091415833,127668.0,933.9,3.0,20631.0,135.7946493130875,19.790310918293564,train
2019,nashville,136211.0,2.6,1003.7,22702.0,False,0.2099151611328125,0.14895524084568024,0.22596758604049683,0.14786188304424286,0.26970726251602173,0.14037495851516724,0.23519667983055115,0.14556285738945007,0.05344301462173462,0.2904167175292969,True,0.3467749357223511,0.06930632889270782,0.34601449966430664,0.4365941882133484,0.6826690435409546,1.0,0.016338348388671875,0.11289115027700203,0.027692824602127075,-0.02316167950630188,-0.23807525634765625,0.26513226330280304,0.7674827575683594,0.01609039306640625,13.34569161215935,324.74716400797456,0.08164267241954803,0.23251724243164062,0.20750385522842407,3.6118202259498577,3.6773060634232024,18.49261443707917,131462.8,968.1,2.8,19159.0,135.70887715452824,22.61831224469463,val
2021,nashville,150226.2,3.8,998.9,32191.0,False,0.1461147516965866,0.1699470430612564,0.1678135246038437,0.16661950945854187,0.24027806520462036,0.15409843623638153,0.18473543226718903,0.16338449716567993,0.14478124678134918,0.6433830261230469,True,0.19330771267414093,0.12909121811389923,0.13526570796966553,0.41334542632102966,0.9568236470222473,0.7146987915039062,0.00809478759765625,0.3558530893926164,-0.12855787575244904,0.10964035242795944,0.6201934814453125,0.014618858695030212,0.08489990234375,0.00440216064453125,-41.034351025586126,8.181181069491439,0.17868885397911072,0.6297988891601562,0.31329330801963806,10.2893305239665,-0.4782305469761994,41.79807946436438,136211.0,1003.7,2.6,22702.0,150.39163079387328,32.22644909400341,test
2022,nashville,159331.5,2.8,1039.2,28314.0,False,0.05518009886145592,0.11424913257360458,0.06335549801588058,0.12247446924448013,0.06888390332460403,0.12875895202159882,0.06247315555810928,0.12163359671831131,0.03278293460607529,0.8512001037597656,True,0.6207937002182007,0.12626199424266815,0.6041666865348816,0.7971014380455017,0.9981884360313416,1.0,0.8182601928710938,0.11615881868057643,-0.12226227670907974,-0.1119983121752739,0.20781707763671875,0.42748598754405975,0.28530120849609375,0.8101654052734375,-66.18236426472195,221.14274781403753,0.19330771267414093,0.7146987915039062,0.18473543226718903,6.061059921638168,4.034437881669839,-12.04373893324221,150226.2,998.9,3.8,32191.0,153.3213048498845,27.2459584295612,test
2023,nashville,166723.6,2.6,1053.5,23558.0,False,0.10288669168949127,0.172931969165802,0.11490672081708908,0.17700061202049255,0.13317391276359558,0.1842973232269287,0.11698909103870392,0.17723846435546875,0.039791371673345566,0.6867599487304688,True,0.1630861759185791,0.1552012860774994,0.09812802076339722,0.381038635969162,1.0,0.4945182800292969,0.04631805419921875,0.4690377331781017,0.054515935480594635,0.007008437067270279,-0.16444015502929688,-0.4577075242996216,-0.5054817199707031,-0.771942138671875,87.2629771836749,-73.72940868097461,0.6207937002182007,1.0,0.06247315555810928,4.639446688194115,1.3760585065434983,-16.79734407007134,159331.5,1039.2,2.8,28314.0,158.25685809207405,22.361651637399145,test
2013,orlando,113719.5,7.3,1086.8,15563.0,False,0.11540408432483673,0.15650954842567444,0.13732707500457764,0.1541299819946289,0.20848150551319122,0.14428818225860596,0.15373754501342773,0.151498481631279,0.1864662766456604,0.7350540161132812,False,0.0,0.0,0.0,0.0,0.0,,,,,,,,,,,,,,,,,,,,,,104.637007729113,14.320022083179978,train
2014,orlando,117990.1,6.2,1122.0,16115.0,False,0.13828212022781372,0.2556919455528259,0.1473815143108368,0.25686803460121155,0.1660764366388321,0.261648029088974,0.150580033659935,0.2569895386695862,0.034619562327861786,0.7147102355957031,False,0.0,0.0,0.0,0.0,0.0,,,,-0.003157511353492737,-0.15184671431779861,-0.020343780517578125,0.0,,,-2.053832297905467,,0.0,,0.15373754501342773,3.755380563579691,3.238866396761142,3.5468739960161866,113719.5,1086.8,7.3,15563.0,105.16051693404636,14.362745098039216,train
2015,orlando,124430.8,5.2,1156.0,20474.0,False,0.2480841726064682,0.22262011468410492,0.26902908086776733,0.21553385257720947,0.3164397180080414,0.2009154111146927,0.27785101532936096,0.21280889213085175,0.07521731406450272,0.4450531005859375,False,0.0,0.0,0.0,0.0,0.0,,,,0.12727098166942596,0.04059775173664093,-0.2696571350097656,0.0,,,84.52048958685356,,0.0,,0.150580033659935,5.458678312841503,3.0303030303030276,27.04933291964009,117990.1,1122.0,6.2,16115.0,107.63910034602077,17.71107266435986,train
2016,orlando,129180.7,4.5,1231.8,23254.0,False,0.32816383242607117,0.2628597915172577,0.3500001132488251,0.2561212480068207,0.3864838778972626,0.2433083951473236,0.3548825979232788,0.2537294924259186,0.06601769477128983,0.3102226257324219,False,0.0,0.0,0.0,0.0,0.0,,,,0.07703158259391785,-0.00919961929321289,-0.13483047485351562,0.0,,,27.72406014158546,,0.0,,0.27785101532936096,3.817302468520656,6.557093425605531,13.578196737325388,124430.8,1156.0,5.2,20474.0,104.87148887806462,18.878064620880014,train
2017,orlando,136223.3,3.9,1273.2,19065.0,False,0.2742132246494293,0.24036654829978943,0.2891875207424164,0.23657028377056122,0.33597397804260254,0.21927225589752197,0.2997916042804718,0.231937438249588,0.0579480342566967,0.3330345153808594,True,0.41290727257728577,0.2727911174297333,0.37318840622901917,0.8022342920303345,1.0,0.8567886352539062,0.3896751403808594,0.37794862268012563,-0.05509099364280701,-0.008069660514593124,0.0228118896484375,0.41290727257728577,,,-15.523723610340845,inf,0.0,,0.3548825979232788,5.45174317835404,3.360935216755978,-18.01410510019782,129180.7,1231.8,4.5,23254.0,106.99285265472822,14.974081055607916,train
2018,orlando,141200.6,3.4,1313.0,28882.0,False,0.21113574504852295,0.2506280839443207,0.23451849818229675,0.24274282157421112,0.3021235466003418,0.21975383162498474,0.24925926327705383,0.23751746118068695,0.1423170566558838,0.5773353576660156,True,0.09518413990736008,0.07837911695241928,0.07548309117555618,0.1859903335571289,0.6183574795722961,0.22101211547851562,0.00215911865234375,0.3632853652476744,-0.05053234100341797,0.08436902239918709,0.24430084228515625,-0.3177231326699257,-0.6357765197753906,-0.3875160217285156,-16.855822605406303,-76.94781704540115,0.41290727257728577,0.8567886352539062,0.2997916042804718,3.653780227024317,3.1259817781966737,51.49226330972987,136223.3,1273.2,3.9,19065.0,107.54044173648134,21.996953541507995,train
2019,orlando,146782.6,3.0,1346.3,24470.0,False,0.16997933387756348,0.23363834619522095,0.18321466445922852,0.23400834202766418,0.20024283230304718,0.23571836948394775,0.18447892367839813,0.23410643637180328,0.04997336119413376,0.6443519592285156,True,0.43506473302841187,0.12077789753675461,0.42934781312942505,0.5942028760910034,0.9371980428695679,0.99993896484375,0.2837677001953125,0.1566727976151756,-0.0647803395986557,-0.09234369546175003,0.0670166015625,0.3398805931210518,0.7789268493652344,0.28160858154296875,-25.98914028188063,357.07691791074393,0.09518413990736008,0.22101211547851562,0.24925926327705383,3.9532409918938027,2.53617669459254,-15.27595041894606,141200.6,1313.0,3.4,28882.0,109.02666567629801,18.175740919557306,val
2021,orlando,157117.5,5.0,1297.5,30618.0,False,0.1765255331993103,0.1574612855911255,0.19760972261428833,0.15531428158283234,0.2598986327648163,0.14498260617256165,0.2113446295261383,0.15236854553222656,0.08386413007974625,0.4767951965332031,True,0.2056170403957367,0.04538416489958763,0.20229467749595642,0.2623792290687561,0.4906401038169861,0.9904670715332031,0.0,0.12049138139421611,0.12807997316122055,0.04255380854010582,-0.2966423034667969,0.14877768978476524,0.8325309753417969,-0.009166717529296875,153.82273674426048,261.7512131745702,0.05683935061097145,0.15793609619140625,0.08326465636491776,7.0409571706728125,-3.624749312931741,25.124642419288932,146782.6,1346.3,3.0,24470.0,121.09248554913295,23.597687861271677,test
2022,orlando,167998.5,3.0,1412.0,28683.0,False,0.1906299889087677,0.19126001000404358,0.21248221397399902,0.18852531909942627,0.26652792096138,0.1767391711473465,0.22321335971355438,0.1853453367948532,0.09660165756940842,0.5165252685546875,True,0.7398303747177124,0.11643948405981064,0.7490941882133484,0.8876811265945435,1.0,1.0,0.986328125,0.09014390115964699,0.011868730187416077,0.01273752748966217,0.039730072021484375,0.5342133343219757,0.009532928466796875,0.986328125,5.615818208405532,259.80985490979384,0.2056170403957367,0.9904670715332031,0.2113446295261383,6.9253902334240225,8.824662813102124,-6.3198118753674315,157117.5,1297.5,5.0,30618.0,118.97910764872522,20.31373937677054,test
2023,orlando,176318.5,2.9,1468.6,25415.0,False,0.2808826267719269,0.25516319274902344,0.3011455833911896,0.2505606412887573,0.33937451243400574,0.2335609644651413,0.307134211063385,0.24628183245658875,0.0945066586136818,0.41077423095703125,True,0.22650793194770813,0.1544254571199417,0.17995169758796692,0.4535024166107178,1.0,0.7949867248535156,0.07317733764648438,0.35496191201674554,0.08392085134983063,-0.0020949989557266235,-0.10575103759765625,-0.5133224427700043,-0.20501327514648438,-0.9131507873535156,37.596697373994424,-69.38380205947425,0.7398303747177124,1.0,0.22321335971355438,4.9524251704628375,4.008498583569398,-11.393508349893667,167998.5,1412.0,3.0,28683.0,120.05889963230288,17.305597167370287,test
2013,phoenix,216612.3,6.8,1906.9,18737.0,False,0.6143963932991028,0.2505926191806793,0.6352987885475159,0.2356671243906021,0.6111078262329102,0.2498711347579956,0.6202677488327026,0.2452305406332016,0.03110501356422901,0.05556488037109375,False,0.0,0.0,0.0,0.0,0.0,,,,,,,,,,,,,,,,,,,,,,113.59394829304105,9.825895432377155,train
2014,phoenix,220174.4,5.9,1961.5,20341.0,False,0.16720688343048096,0.27381232380867004,0.17535565793514252,0.28022611141204834,0.171559676527977,0.2772368788719177,0.17137405276298523,0.27697187662124634,0.01314588263630867,0.6861820220947266,False,0.0,0.0,0.0,0.0,0.0,,,,-0.4488936960697174,-0.01795913092792034,0.6306171417236328,0.0,,,-72.37095543247278,,0.0,,0.6202677488327026,1.6444587865047433,2.8632859615081996,8.560602017398722,216612.3,1906.9,6.8,18737.0,112.24797348967627,10.37012490440989,train
2015,phoenix,227107.2,5.2,2028.8,22402.0,False,0.6653335690498352,0.28915566205978394,0.6772263050079346,0.28398263454437256,0.6804516315460205,0.28867706656455994,0.6743369102478027,0.28716781735420227,0.0158415287733078,0.11027908325195312,False,0.0,0.0,0.0,0.0,0.0,,,,0.5029628574848175,0.0026956461369991302,-0.5759029388427734,0.0,,,293.4883369890471,,0.0,,0.17137405276298523,3.1487766061812916,3.431047667601317,10.13224521901579,220174.4,1961.5,5.9,20341.0,111.94164037854891,11.041995268138802,train
2016,phoenix,235238.5,4.7,2107.2,28583.0,False,0.6466653943061829,0.2055383026599884,0.6660121083259583,0.19466006755828857,0.6731035709381104,0.19546546041965485,0.6619268655776978,0.19838924705982208,0.02050982415676117,0.02222442626953125,False,0.0,0.0,0.0,0.0,0.0,,,,-0.01241004467010498,0.004668295383453369,-0.08805465698242188,0.0,,,-1.8403329969798876,,0.0,,0.6743369102478027,3.580379662115507,3.8643533123028373,27.59128649227747,227107.2,2028.8,5.2,22402.0,111.63558276385726,13.56444570994685,train
2017,phoenix,246068.0,4.3,2174.4,29312.0,False,0.5566369295120239,0.3193475902080536,0.5794796347618103,0.2999524474143982,0.5586821436882019,0.3178923726081848,0.5649328827857971,0.3122691512107849,0.056933723390102386,0.20481300354003906,True,0.3542459011077881,0.31061798334121704,0.2803441882133484,0.8840579986572266,1.0,0.6908855438232422,0.2917041778564453,0.4851646476865288,-0.09699398279190063,0.03642389923334122,0.1825885772705078,0.3542459011077881,,,-14.6532778522668,inf,0.0,,0.6619268655776978,4.603625682020596,3.1890660592255315,2.550467060840367,235238.5,2107.2,4.7,28583.0,113.16593083149374,13.480500367917585,train
2018,phoenix,257410.4,4.1,2249.5,31343.0,False,0.7395349740982056,0.23522721230983734,0.7461933493614197,0.23153431713581085,0.7347292304039001,0.23128503561019897,0.7401525378227234,0.2326194941997528,0.0060845366679131985,0.06188011169433594,True,0.4182884395122528,0.22918502986431122,0.4082125723361969,0.7563405632972717,1.0,0.9119720458984375,0.3653278350830078,0.3153563270573647,0.17521965503692627,-0.05084918672218919,-0.14293289184570312,0.06404253840446472,0.2210865020751953,0.0736236572265625,31.016012764716947,18.07855453067846,0.3542459011077881,0.6908855438232422,0.5649328827857971,4.609457548319984,3.453826342899191,6.928902838427953,246068.0,2174.4,4.3,29312.0,114.43005112247165,13.933318515225606,train
2019,phoenix,269398.8,4.1,2328.7,35873.0,False,0.6156975626945496,0.2689254581928253,0.632533073425293,0.2609482407569885,0.6298354268074036,0.2674568295478821,0.6260218620300293,0.26560330390930176,0.02141513302922249,0.08730888366699219,True,0.4417351186275482,0.14530639350414276,0.4299516975879669,0.634661853313446,1.0,0.9992866516113281,0.3189353942871094,0.18443050593208787,-0.11413067579269409,0.01533059636130929,0.02542877197265625,0.02344667911529541,0.08731460571289062,-0.04639244079589844,-15.419885761444208,5.605385399279861,0.4182884395122528,0.9119720458984375,0.7401525378227234,4.657309883361349,3.520782396088018,14.452987907985836,257410.4,2249.5,4.1,31343.0,115.68634860651866,15.404732254047325,val
2021,phoenix,299871.4,4.6,2408.9,50581.0,False,0.6036102175712585,0.2685929834842682,0.6213739514350891,0.25273099541664124,0.6157564520835876,0.2630908787250519,0.6135804057121277,0.26136648654937744,0.037296295166015625,0.09610176086425781,True,0.36209243535995483,0.07273847609758377,0.375,0.4384057819843292,1.0,0.9895515441894531,0.0012664794921875,0.10635357556609426,0.412821501493454,0.025109566748142242,-0.581451416015625,0.07980042695999146,0.17503738403320312,-0.12445068359375,205.63048154705714,28.26875171291665,0.2822920083999634,0.81451416015625,0.2007589042186737,11.311334720124977,3.443981620646719,41.00019513282971,269398.8,2328.7,4.1,35873.0,124.48478558678235,20.99755074930466,test
2022,phoenix,315996.3,3.3,2501.3,47804.0,False,0.6092697978019714,0.2804872989654541,0.6279841065406799,0.268912136554718,0.6069561839103699,0.2734479606151581,0.6147366166114807,0.2741236686706543,0.025752251967787743,0.08138847351074219,True,0.1327817142009735,0.07077556103467941,0.12530192732810974,0.2107487916946411,1.0,0.6685028076171875,0.003055572509765625,0.26420445792216296,0.0011562108993530273,-0.011544043198227882,-0.014713287353515625,-0.22931072115898132,-0.3210487365722656,0.001789093017578125,0.18843673764501467,-63.32933217205279,0.36209243535995483,0.9895515441894531,0.6135804057121277,5.37727172381226,3.8357756652414032,-5.490203831478224,299871.4,2408.9,4.6,50581.0,126.33282692999639,19.111661935793386,test
2023,phoenix,326711.4,3.2,2576.9,45616.0,False,0.5821304321289062,0.2626866102218628,0.6093988418579102,0.2432313710451126,0.5790438055992126,0.25906264781951904,0.590191125869751,0.2548603415489197,0.04587070643901825,0.062023162841796875,True,0.38578200340270996,0.2317243069410324,0.3680555522441864,0.6974637508392334,1.0,0.9567317962646484,0.3464946746826172,0.340660042664348,-0.024545490741729736,0.020118454471230507,-0.019365310668945312,0.25300028920173645,0.28822898864746094,0.34343910217285156,-3.992846705151243,190.53850202506388,0.1327817142009735,0.6685028076171875,0.6147366166114807,3.3908941338870235,3.0224283372646266,-4.577022843276712,315996.3,2501.3,3.3,47804.0,126.78466374325741,17.701889867670456,test
2013,raleigh,108246.7,6.3,794.0,11431.0,False,0.21181528270244598,0.18904797732830048,0.23035001754760742,0.18567834794521332,0.27415797114372253,0.176537424325943,0.23877441883087158,0.18358305096626282,0.07702917605638504,0.42728233337402344,False,0.0,0.0,0.0,0.0,0.0,,,,,,,,,,,,,,,,,,,,,,136.3308564231738,14.396725440806046,train
2014,raleigh,112713.4,5.1,816.1,11647.0,False,0.3636876046657562,0.34841209650039673,0.36958426237106323,0.3454166650772095,0.3717799186706543,0.33847466111183167,0.368350625038147,0.34386134147644043,0.013973533175885677,0.39191246032714844,False,0.0,0.0,0.0,0.0,0.0,,,,0.1295762062072754,-0.06305564288049936,-0.035369873046875,0.0,,,54.26720619475434,,0.0,,0.23877441883087158,4.1264075486827645,2.783375314861458,1.889598460327191,108246.7,794.0,6.3,11431.0,138.11224114691825,14.271535351059919,train
2015,raleigh,117984.3,4.9,835.7,11987.0,False,0.25136512517929077,0.17636966705322266,0.27307775616645813,0.17077235877513885,0.30456793308258057,0.16503727436065674,0.2763369381427765,0.17048092186450958,0.06191272661089897,0.21137237548828125,False,0.0,0.0,0.0,0.0,0.0,,,,-0.09201368689537048,0.047939193435013294,-0.1805400848388672,0.0,,,-24.979918762413234,,0.0,,0.368350625038147,4.6763738827859,2.4016664624433304,2.9192066626599233,112713.4,816.1,5.1,11647.0,141.18020820868733,14.34366399425631,train
2016,raleigh,121972.2,4.4,882.3,13514.0,False,0.24998839199543,0.24234376847743988,0.26375436782836914,0.24590535461902618,0.2809505760669708,0.24948470294475555,0.26489773392677307,0.24563677608966827,0.02777344547212124,0.35331153869628906,False,0.0,0.0,0.0,0.0,0.0,,,,-0.011439204216003418,-0.03413928113877773,0.1419391632080078,0.0,,,-4.1395856423990125,,0.0,,0.2763369381427765,3.3800259865083726,5.576163695105896,12.738800367064318,117984.3,835.7,4.9,11987.0,138.24345460727645,15.316785673807097,train
2017,raleigh,123263.3,4.0,911.5,14180.0,False,0.3191569745540619,0.2359027862548828,0.332701176404953,0.22991542518138885,0.3588665723800659,0.21461798250675201,0.3369081914424896,0.22673176229000092,0.046950843185186386,0.26448822021484375,True,0.2190467119216919,0.17057053744792938,0.17874395847320557,0.4743357300758362,0.9335748553276062,0.6753120422363281,0.079864501953125,0.4339803788174459,0.07201045751571655,0.019177397713065147,-0.08882331848144531,0.2190467119216919,,,27.18424821845502,inf,0.0,,0.26489773392677307,1.0585198922377526,3.3095319052476535,4.928222583986974,121972.2,882.3,4.4,13514.0,135.2312671420735,15.55677454744926,train
2018,raleigh,129506.6,3.5,933.9,15950.0,False,0.19819630682468414,0.19156472384929657,0.218639075756073,0.18806186318397522,0.274213582277298,0.1756429374217987,0.23034963011741638,0.18482375144958496,0.09055130183696747,0.47801971435546875,True,0.13992667198181152,0.10271275788545609,0.09480676054954529,0.3085748851299286,0.6437197923660278,0.46909332275390625,0.001308441162109375,0.38199740647210745,-0.10655856132507324,0.04360045865178108,0.213531494140625,-0.07912003993988037,-0.20621871948242188,-0.07855606079101562,-31.628367618144672,-36.12016781523997,0.2190467119216919,0.6753120422363281,0.3369081914424896,5.065011240166384,2.4574876577070803,12.482369534555705,123263.3,911.5,4.0,14180.0,138.6728771817111,17.078916372202592,train
2019,raleigh,133194.2,3.4,954.8,13320.0,False,0.19248032569885254,0.20925475656986237,0.2055007666349411,0.21189270913600922,0.2085602730512619,0.21054041385650635,0.20218047499656677,0.21032918989658356,0.03149774298071861,0.3823680877685547,True,0.4891699552536011,0.12262839078903198,0.4867149591445923,0.6515700817108154,0.9459540843963623,0.999969482421875,0.4626789093017578,0.1432063714317895,-0.02816915512084961,-0.059053558856248856,-0.09565162658691406,0.34924328327178955,0.5308761596679688,0.46137046813964844,-12.228869265598952,249.59021630785747,0.13992667198181152,0.46909332275390625,0.23034963011741638,2.8474224479679178,2.2379269729092988,-16.489028213166147,129506.6,933.9,3.5,15950.0,139.4995810640972,13.950565563468789,val
2021,raleigh,145864.9,4.2,964.8,21649.0,False,0.3916296064853668,0.1857769936323166,0.4105813801288605,0.1796877384185791,0.4448053240776062,0.16809715330600739,0.4156721532344818,0.17765763401985168,0.03255632519721985,0.004550933837890625,True,0.20519323647022247,0.07494746148586273,0.20652173459529877,0.2980072498321533,0.5416666865348816,0.8949737548828125,0.0001087188720703125,0.20546067669628476,0.15898248553276062,-0.0028433576226234436,-0.4816246032714844,0.05324399471282959,0.4412078857421875,-0.04169654846191406,61.935677799661825,35.040645216144405,0.15194924175739288,0.453765869140625,0.2566896677017212,9.512951765166932,1.047339757017185,62.530030030030034,133194.2,954.8,3.4,13320.0,151.18667081260364,22.438847429519072,test
2022,raleigh,152883.3,3.2,1035.7,22390.0,False,0.16383904218673706,0.18080127239227295,0.1836879551410675,0.17688269913196564,0.21976251900196075,0.1669406294822693,0.18909649550914764,0.17461368441581726,0.12065720558166504,0.5684661865234375,True,0.5791438817977905,0.16389882564544678,0.5413647294044495,0.8103864789009094,1.0,1.0,0.6071109771728516,0.15596921808107322,-0.22657565772533417,0.08810088038444519,0.5639152526855469,0.37395064532756805,0.1050262451171875,0.6070022583007812,-54.508259926067794,182.243163449413,0.20519323647022247,0.8949737548828125,0.4156721532344818,4.811575642940835,7.348673300165842,3.422790891034233,145864.9,964.8,4.2,21649.0,147.61349811721539,21.618229216954717,test
2023,raleigh,160351.1,3.1,1065.4,20619.0,False,0.4659786522388458,0.24868467450141907,0.4804449677467346,0.2399464100599289,0.4954802989959717,0.22679807245731354,0.4806345999240875,0.23837608098983765,0.028753917664289474,0.03909111022949219,True,0.24166704714298248,0.1325226128101349,0.20561593770980835,0.44474637508392334,0.9432367086410522,0.9142303466796875,0.06435012817382812,0.293574254624448,0.2915381044149399,-0.09190328791737556,-0.5293750762939453,-0.33747683465480804,-0.0857696533203125,-0.5427608489990234,154.17425036353282,-58.27167397628469,0.5791438817977905,1.0,0.18909649550914764,4.884640768481585,2.86762576035533,-7.909781152300132,152883.3,1035.7,3.2,22390.0,150.50788436268067,19.353294537262997,test
2013,san_antonio,105889.6,5.9,1005.0,6128.0,False,0.22624540328979492,0.1656818687915802,0.2377348691225052,0.164291113615036,0.14983248710632324,0.1478891372680664,0.20460426807403564,0.15647989511489868,0.031726039946079254,0.2844657897949219,False,0.0,0.0,0.0,0.0,0.0,,,,,,,,,,,,,,,,,,,,,,105.36278606965175,6.097512437810945,train
2014,san_antonio,111248.6,4.7,1033.9,10196.0,False,0.1777643859386444,0.1741141676902771,0.19252967834472656,0.17623870074748993,0.14525772631168365,0.1696385145187378,0.17185063660144806,0.1722039431333542,0.05073528364300728,0.5073451995849609,False,0.0,0.0,0.0,0.0,0.0,,,,-0.032753631472587585,0.019009243696928024,0.22287940979003906,0.0,,,-16.00828359100297,,0.0,,0.20460426807403564,5.060931385140743,2.875621890547264,66.38381201044385,105889.6,1005.0,5.9,6128.0,107.60092852306799,9.861688751329915,train
2015,san_antonio,117592.1,3.8,1059.0,7824.0,False,0.18249814212322235,0.0822620838880539,0.19676023721694946,0.05170612782239914,0.1044788584113121,0.04809381812810898,0.16124576330184937,0.058578331023454666,0.0715782567858696,0.47728729248046875,False,0.0,0.0,0.0,0.0,0.0,,,,-0.010604873299598694,0.02084297314286232,-0.030057907104492188,0.0,,,-6.170982842614237,,0.0,,0.17185063660144806,5.702094228601529,2.4277009381951764,-23.264025107885445,111248.6,1033.9,4.7,10196.0,111.04069877242682,7.388101983002833,train
2016,san_antonio,118613.7,3.8,1094.9,12241.0,False,0.18292169272899628,0.0878986120223999,0.18446499109268188,0.058425307273864746,0.09695745259523392,0.05076552554965019,0.15478138625621796,0.06362425535917282,0.0427975058555603,0.4942207336425781,False,0.0,0.0,0.0,0.0,0.0,,,,-0.006464377045631409,-0.028780750930309296,0.016933441162109375,0.0,,,-4.009021330706353,,0.0,,0.16124576330184937,0.8687658439640034,3.3899905571293854,56.45449897750512,117592.1,1059.0,3.8,7824.0,108.332907114805,11.18001643985752,train
2017,san_antonio,118925.7,3.5,1121.0,12516.0,False,0.2361747771501541,0.10671453177928925,0.23876029253005981,0.0702330619096756,0.12372657656669617,0.06182752549648285,0.19955386221408844,0.07689007371664047,0.03952500596642494,0.34808921813964844,True,0.14230993390083313,0.15112361311912537,0.09752415865659714,0.29830917716026306,1.0,0.4864234924316406,0.04178619384765625,0.47453325633299004,0.04477247595787048,-0.0032724998891353607,-0.1461315155029297,0.14230993390083313,,,28.926266291320204,inf,0.0,,0.15478138625621796,0.2630387552196689,2.383779340579051,2.24654848460093,118613.7,1094.9,3.8,12241.0,106.08893844781444,11.165031222123105,train
2018,san_antonio,124529.2,3.3,1142.2,11497.0,False,0.3271041512489319,0.30631232261657715,0.32885217666625977,0.30331721901893616,0.2887016832828522,0.29867827892303467,0.3148860037326813,0.3017595708370209,0.010953856632113457,0.4093894958496094,True,0.14283166825771332,0.0790085643529892,0.1295289844274521,0.2098429948091507,1.0,0.7831249237060547,0.009115219116210938,0.2299443735894151,0.11533214151859283,-0.028571149334311485,0.06130027770996094,0.000521734356880188,0.29670143127441406,-0.03267097473144531,57.794993411282825,0.366618367796967,0.14230993390083313,0.4864234924316406,0.19955386221408844,4.711765413194957,1.8911685994647653,-8.141578779162673,118925.7,1121.0,3.5,12516.0,109.02573980038521,10.065662756084748,train
2019,san_antonio,129033.8,3.1,1158.2,15895.0,False,0.19398579001426697,0.12617166340351105,0.20980402827262878,0.11563510447740555,0.12404430657625198,0.1244807168841362,0.17594465613365173,0.12024348974227905,0.07509267330169678,0.4814033508300781,True,0.5285477638244629,0.1654767096042633,0.5,0.7635869383811951,1.0,0.9999637603759766,0.49971580505371094,0.17541649505522372,-0.13894134759902954,0.06413881666958332,0.07201385498046875,0.3857160955667496,0.21683883666992188,0.4906005859375,-44.12433260037246,270.04942270281146,0.14283166825771332,0.7831249237060547,0.3148860037326813,3.6173042145938528,1.400805463141297,38.25345742367574,124529.2,1142.2,3.3,11497.0,111.40891037817302,13.723881885684683,val
2021,san_antonio,134740.3,5.2,1159.0,22264.0,False,0.2960738241672516,0.14923210442066193,0.3011126220226288,0.1476670652627945,0.22758865356445312,0.16393472254276276,0.27492502331733704,0.15182557702064514,0.015540936030447483,0.163482666015625,True,0.20135141909122467,0.12231013923883438,0.20169082283973694,0.33997583389282227,1.0,0.7167434692382812,0.013668060302734375,0.32770393899510997,0.18172580003738403,-0.04075665306299925,-0.5878124237060547,0.12484235316514969,0.6116142272949219,0.012241363525390625,194.98638898686286,163.17328104067505,0.07650906592607498,0.10512924194335938,0.093199223279953,4.4224846513084115,0.06907269901570423,40.06920415224913,129033.8,1158.2,3.1,15895.0,116.25565142364105,19.209663503019843,test
2022,san_antonio,145773.3,3.7,1214.4,24336.0,False,0.4128510355949402,0.22382543981075287,0.4284253716468811,0.21426036953926086,0.3491052985191345,0.23733773827552795,0.39679384231567383,0.2233899086713791,0.030907148495316505,0.05573081970214844,True,0.2968628406524658,0.12995927035808563,0.2684178650379181,0.4082125723361969,1.0,0.9991493225097656,0.056003570556640625,0.19534639592309833,0.12186881899833679,0.015366212464869022,-0.10775184631347656,0.09551142156124115,0.2824058532714844,0.04233551025390625,44.32801988259452,47.43518669613576,0.20135141909122467,0.7167434692382812,0.27492502331733704,8.188344541313919,4.779982743744626,9.306503772906938,134740.3,1159.0,5.2,22264.0,120.03730237154149,20.039525691699602,test
2023,san_antonio,153080.6,3.7,1252.7,16485.0,False,0.2909737229347229,0.13692989945411682,0.3064994215965271,0.11268230527639389,0.1872766762971878,0.12433627992868423,0.26158320903778076,0.12131377309560776,0.05002524331212044,0.06068229675292969,True,0.23056161403656006,0.08443150669336319,0.22463767230510712,0.3049516975879669,1.0,0.9941959381103516,0.01918792724609375,0.1768257428975546,-0.13521063327789307,0.019118094816803932,0.00495147705078125,-0.06630122661590576,-0.0049533843994140625,-0.036815643310546875,-34.0757892029798,-22.33395950472761,0.2968628406524658,0.9991493225097656,0.39679384231567383,5.012783548153199,3.1538208168642834,-32.260848126232744,145773.3,1214.4,3.7,24336.0,122.20052686197813,13.1595753173146,test
2013,tampa,136240.3,7.2,1310.2,,True,0.15368573367595673,0.2063644677400589,0.18106967210769653,0.2002539336681366,0.2725694179534912,0.17708852887153625,0.20244164764881134,0.19429872930049896,0.2016947865486145,0.6527023315429688,False,0.0,0.0,0.0,0.0,0.0,,,,,,,,,,,,,,,,,,,,,,103.98435353381161,,train
2014,tampa,138957.3,6.3,1336.2,,True,0.14360842108726501,0.22033900022506714,0.15681269764900208,0.21829074621200562,0.20436544716358185,0.21342338621616364,0.16826221346855164,0.21652857959270477,0.09444486349821091,0.7350730895996094,False,0.0,0.0,0.0,0.0,0.0,,,,-0.034179434180259705,-0.1072499230504036,0.08237075805664062,0.0,,,-16.88359810208272,,0.0,,0.20244164764881134,1.994270417783861,1.9844298580369513,,136240.3,1310.2,7.2,,103.99438706780421,,train
2015,tampa,144730.5,5.3,1363.9,,True,0.2849774658679962,0.267368346452713,0.30092501640319824,0.262805700302124,0.3625732660293579,0.2384372502565384,0.31615862250328064,0.2560659348964691,0.06454367935657501,0.4170951843261719,False,0.0,0.0,0.0,0.0,0.0,,,,0.147896409034729,-0.029901184141635895,-0.3179779052734375,0.0,,,87.89638861037032,,0.0,,0.16826221346855164,4.154657581861487,2.0730429576410803,,138957.3,1336.2,6.3,,106.11518439768311,,train
2016,tampa,149452.6,4.6,1405.8,,True,0.31178468465805054,0.26478198170661926,0.32648035883903503,0.2579505741596222,0.38306236267089844,0.23399417102336884,0.3404425382614136,0.25209155678749084,0.05600855126976967,0.364501953125,False,0.0,0.0,0.0,0.0,0.0,,,,0.024283915758132935,-0.008535128086805344,-0.052593231201171875,0.0,,,7.680927872805676,,0.0,,0.31615862250328064,3.2626847830968586,3.0720727326050135,,144730.5,1363.9,5.3,,106.3114241001565,,train
2017,tampa,152661.0,4.1,1434.3,,True,0.18823771178722382,0.22981125116348267,0.2076289802789688,0.22635455429553986,0.28053468465805054,0.2078462839126587,0.22546711564064026,0.22116614878177643,0.15133920311927795,0.6033973693847656,True,0.1312170922756195,0.0747925192117691,0.12318840622901917,0.23128019273281097,0.6343598961830139,0.6194190979003906,0.000164031982421875,0.31780453174548473,-0.11497542262077332,0.09533065184950829,0.23889541625976562,0.1312170922756195,,,-33.77234325884617,inf,0.0,,0.3404425382614136,2.1467676039091943,2.027315407597108,,149452.6,1405.8,4.6,,106.43589207278812,,train
2018,tampa,158043.8,3.6,1459.4,,True,0.2181055098772049,0.2617374658584595,0.2353852540254593,0.2580721378326416,0.28435108065605164,0.25499701499938965,0.24594727158546448,0.25665026903152466,0.07552886754274368,0.4952049255371094,True,0.09209709614515305,0.11645343154668808,0.040760867297649384,0.2614734470844269,0.7409420013427734,0.27520751953125,0.013004302978515625,0.5866762746755951,0.02048015594482422,-0.07581033557653427,-0.10819244384765625,-0.03911999613046646,-0.3442115783691406,0.01284027099609375,9.083433691264498,-29.813186264100032,0.1312170922756195,0.6194190979003906,0.22546711564064026,3.5259824054604483,1.7499825698947369,,152661.0,1434.3,4.1,,108.29368233520623,,train
2019,tampa,163928.0,3.2,1491.5,23540.0,False,0.16727684438228607,0.21208661794662476,0.18701855838298798,0.20762847363948822,0.24368588626384735,0.1935039460659027,0.19932711124420166,0.20426280796527863,0.126536026597023,0.6845283508300781,True,0.43346908688545227,0.12389881163835526,0.426630437374115,0.5984299778938293,0.9426328539848328,0.99969482421875,0.28424072265625,0.16137286264140283,-0.04662016034126282,0.05100715905427933,0.18932342529296875,0.3413719907402992,0.7244873046875,0.2712364196777344,-18.95534764046477,370.66531414005414,0.09209709614515305,0.27520751953125,0.24594727158546448,3.7231451028132856,2.1995340550911235,,158043.8,1459.4,3.6,,109.9081461615823,15.782769024472008,val
2021,tampa,180042.4,4.3,1509.1,24831.0,False,0.1617411971092224,0.18937820196151733,0.1790599822998047,0.18579772114753723,0.25158798694610596,0.1698012351989746,0.1974630206823349,0.18153326213359833,0.09954193234443665,0.6896438598632812,True,0.17262022197246552,0.1200672835111618,0.1373792290687561,0.34692028164863586,0.6938405632972717,0.5747413635253906,0.00154876708984375,0.38947348296669304,-0.03799177706241608,0.04418763890862465,0.17695999145507812,0.06214004009962082,0.2159576416015625,-0.019435882568359375,-16.135486482463502,56.2454179982613,0.1104801818728447,0.3587837219238281,0.23545479774475098,9.830169342638229,1.1800201139792188,5.484282073067126,163928.0,1491.5,3.2,23540.0,119.30448611755351,16.4541779868796,test
2022,tampa,191389.4,2.9,1594.7,29968.0,False,0.40192925930023193,0.29888516664505005,0.42379650473594666,0.2886788547039032,0.4720175862312317,0.2539537250995636,0.4325811564922333,0.28032058477401733,0.08305050432682037,0.255828857421875,True,0.5409846305847168,0.10837157815694809,0.5323067903518677,0.6878019571304321,0.9658816456794739,1.0,0.6189041137695312,0.11311506508969171,0.23511813580989838,-0.016491428017616272,-0.43381500244140625,0.3683644086122513,0.4252586364746094,0.6173553466796875,119.06945158513524,213.39586081114453,0.17262022197246552,0.5747413635253906,0.1974630206823349,6.302404322537347,5.672254986415748,20.687849865088005,180042.4,1509.1,4.3,24831.0,120.01592776070734,18.792249325892016,test
2023,tampa,201082.4,3.0,1641.2,25386.0,False,0.19002875685691833,0.2352275550365448,0.21645718812942505,0.23052819073200226,0.2834703326225281,0.20783017575740814,0.22998543083667755,0.22432582080364227,0.20217569172382355,0.601043701171875,True,0.21652851998806,0.14522285759449005,0.15791063010692596,0.43115943670272827,0.9990941882133484,0.8382949829101562,0.056491851806640625,0.3435874088904016,-0.20259572565555573,0.11912518739700317,0.34521484375,-0.3244561105966568,-0.16170501708984375,-0.5624122619628906,-46.83415415003016,-59.97510691680321,0.5409846305847168,1.0,0.4325811564922333,5.064543804411326,2.9159089483915546,-15.28964228510411,191389.4,1594.7,2.9,29968.0,122.52156958323178,15.46795028028272,test
