family,model,val_mae,test_mae
ft,cosine|k=1|uniform,1.8300632930906793,3.3416250944140504
ft,cosine|k=2|uniform,1.5664906221154409,3.162512573301871
ft,cosine|k=2|inverse,1.5796602417779888,3.1595535781264026
ft,cosine|k=2|inverse_sq,1.5920472566122257,3.1524733849345807
ft,cosine|k=2|softmax@0.05,1.604242377917606,3.128200463105156
ft,cosine|k=2|softmax@0.1,1.5863519070454732,3.1440218817326646
ft,cosine|k=2|softmax@0.2,1.5765540863860539,3.1530605818142416
ft,cosine|k=2|softmax@0.5,1.5705311845929726,3.1587072023630727
ft,cosine|k=2|softmax@1.0,1.5685119928967408,3.160608105386128
ft,cosine|k=3|uniform,1.3676649799189593,2.922289816514048
ft,cosine|k=3|inverse,1.3882116840079077,2.9370014124545794
ft,cosine|k=3|inverse_sq,1.4093252569147876,2.950315813535578
ft,cosine|k=3|softmax@0.05,1.4412676002445604,2.932272499518376
ft,cosine|k=3|softmax@0.1,1.4043235441301005,2.9267794635336246
ft,cosine|k=3|softmax@0.2,1.3857943717609817,2.924454605846621
ft,cosine|k=3|softmax@0.5,1.3748501824547106,2.923140731225513
ft,cosine|k=3|softmax@1.0,1.3712450986653422,2.9227129273163275
ft,cosine|k=5|uniform,1.1064006279268093,2.712941128959598
ft,cosine|k=5|inverse,1.130760227002137,2.757238438663164
ft,cosine|k=5|inverse_sq,1.1567381295625807,2.8029829123274435
ft,cosine|k=5|softmax@0.05,1.2135004526474111,2.7884377822494253
ft,cosine|k=5|softmax@0.1,1.158742630548,2.751941318222742
ft,cosine|k=5|softmax@0.2,1.132097636131227,2.732435071317525
ft,cosine|k=5|softmax@0.5,1.116549505408045,2.7206948798562247
ft,cosine|k=5|softmax@1.0,1.1114523345500122,2.7168074749045097
ft,cosine|k=8|uniform,0.9704169060824227,2.65113422904869
ft,cosine|k=8|inverse,0.9874461017770085,2.6834544970999468
ft,cosine|k=8|inverse_sq,1.007652363812424,2.7271011759608665
ft,cosine|k=8|softmax@0.05,1.062555534564382,2.7086592014034947
ft,cosine|k=8|softmax@0.1,1.0085665420932688,2.673126345156657
ft,cosine|k=8|softmax@0.2,0.9883562486320828,2.659810284181088
ft,cosine|k=8|softmax@0.5,0.9773148089041478,2.6540259115893616
ft,cosine|k=8|softmax@1.0,0.9738194840459207,2.6524849311337917
ft,euclidean|k=1|uniform,1.4797522792424571,3.1337287790164576
ft,euclidean|k=2|uniform,0.7293905259745097,2.9266473985192865
ft,euclidean|k=2|inverse,0.7290560771838129,2.9504096884427784
ft,euclidean|k=2|inverse_sq,0.7287194817917447,2.9729286722524977
ft,euclidean|k=2|softmax@0.05,1.1532080939510383,3.1875732415888813
ft,euclidean|k=2|softmax@0.1,1.010501606646757,3.169303926076415
ft,euclidean|k=2|softmax@0.2,0.8878345442304839,3.1159365960562053
ft,euclidean|k=2|softmax@0.5,0.7889651048570637,3.043200977707128
ft,euclidean|k=2|softmax@1.0,0.7483051242305566,2.9921558112301088
ft,euclidean|k=3|uniform,0.750048509709676,2.9151062563076273
ft,euclidean|k=3|inverse,0.7460648754104519,2.9334854419698115
ft,euclidean|k=3|inverse_sq,0.7434179002611877,2.9529345625767496
ft,euclidean|k=3|softmax@0.05,1.121944240863948,3.151146768234303
ft,euclidean|k=3|softmax@0.1,1.0074748951243595,3.1426771036200427
ft,euclidean|k=3|softmax@0.2,0.8720171845159028,3.097422704182187
ft,euclidean|k=3|softmax@0.5,0.7697510705030748,3.0170738998205118
ft,euclidean|k=3|softmax@1.0,0.7468558725449831,2.965357824840206
ft,euclidean|k=5|uniform,0.9970549821547768,2.7584984390042124
ft,euclidean|k=5|inverse,0.9888525195927215,2.787727689328555
ft,euclidean|k=5|inverse_sq,0.9807654874811573,2.820032079987496
ft,euclidean|k=5|softmax@0.05,1.1426716057459287,3.1525866631446204
ft,euclidean|k=5|softmax@0.1,1.041134746137762,3.1451161110828063
ft,euclidean|k=5|softmax@0.2,0.958340879753168,3.0959757529893586
ft,euclidean|k=5|softmax@0.5,0.9371006344827874,2.9579442823600473
ft,euclidean|k=5|softmax@1.0,0.9602819978053139,2.8583825040747883
ft,euclidean|k=8|uniform,0.9631693581090095,2.7333398793148707
ft,euclidean|k=8|inverse,0.956138010025814,2.7526963864674063
ft,euclidean|k=8|inverse_sq,0.9493397376876072,2.7775236517311215
ft,euclidean|k=8|softmax@0.05,1.1408817163426261,3.154529638100406
ft,euclidean|k=8|softmax@0.1,1.0249397564960778,3.152083945048987
ft,euclidean|k=8|softmax@0.2,0.9281103316453586,3.085588062524925
ft,euclidean|k=8|softmax@0.5,0.9201251794019123,2.9151927345614377
ft,euclidean|k=8|softmax@1.0,0.9360291020510935,2.811090650006669
ft,manhattan|k=1|uniform,1.070864268127367,3.2088375639064277
ft,manhattan|k=2|uniform,0.8448824157076127,2.9766215648547147
ft,manhattan|k=2|inverse,0.8445925668614497,2.9889827273586085
ft,manhattan|k=2|inverse_sq,0.8443009114903371,3.0011989511978885
ft,manhattan|k=2|softmax@0.05,1.0698883321946597,3.1767754432429274
ft,manhattan|k=2|softmax@0.1,1.0689226327420382,3.1850563472798448
ft,manhattan|k=2|softmax@0.2,1.067249161429077,3.1857057551021946
ft,manhattan|k=2|softmax@0.5,1.044679663446837,3.172057218083139
ft,manhattan|k=2|softmax@1.0,0.9776388704373907,3.149997207257705
ft,manhattan|k=3|uniform,0.8574228488671503,2.8510572910237264
ft,manhattan|k=3|inverse,0.8534064186689972,2.8712752181783534
ft,manhattan|k=3|inverse_sq,0.8493716702630084,2.891610756791691
ft,manhattan|k=3|softmax@0.05,1.0698883312162362,3.110246486831009
ft,manhattan|k=3|softmax@0.1,1.0689046770488042,3.1186256347009325
ft,manhattan|k=3|softmax@0.2,1.0648684776327697,3.122884735364844
ft,manhattan|k=3|softmax@0.5,1.0141730750907525,3.120800809747598
ft,manhattan|k=3|softmax@1.0,0.9505048902684958,3.094907767070752
ft,manhattan|k=5|uniform,0.9388042099178154,2.7860872466792395
ft,manhattan|k=5|inverse,0.9281935741843632,2.8083141892554258
ft,manhattan|k=5|inverse_sq,0.9175591628628599,2.833244014453534
ft,manhattan|k=5|softmax@0.05,1.0698883312162362,3.110193013792884
ft,manhattan|k=5|softmax@0.1,1.0689046722374642,3.117417323014244
ft,manhattan|k=5|softmax@0.2,1.0648311278541658,3.117576582843999
ft,manhattan|k=5|softmax@0.5,1.0090338776956018,3.113853778818052
ft,manhattan|k=5|softmax@1.0,0.9239847377614756,3.0932907789707413
ft,manhattan|k=8|uniform,0.8835861047339509,2.7232638196848526
ft,manhattan|k=8|inverse,0.8771891344792496,2.7406332053245497
ft,manhattan|k=8|inverse_sq,0.8706946392719453,2.762762062416823
ft,manhattan|k=8|softmax@0.05,1.0698883312162362,3.11019301379368
ft,manhattan|k=8|softmax@0.1,1.0689046722374775,3.1174174191584973
ft,manhattan|k=8|softmax@0.2,1.064831177412669,3.1176188914854404
ft,manhattan|k=8|softmax@0.5,1.0094713479289366,3.1126335129373426
ft,manhattan|k=8|softmax@1.0,0.927387609171337,3.0907854722593764
ft,scaled_euclidean|k=1|uniform,1.1237620763572171,3.4303446086693263
ft,scaled_euclidean|k=2|uniform,0.9296794064673873,3.1322512857838425
ft,scaled_euclidean|k=2|inverse,0.9289403090871042,3.1462384397556074
ft,scaled_euclidean|k=2|inverse_sq,0.9281995818211443,3.159719096844899
ft,scaled_euclidean|k=2|softmax@0.05,1.1139889836236243,3.3606850864812983
ft,scaled_euclidean|k=2|softmax@0.1,1.0462465762004878,3.373999510847343
ft,scaled_euclidean|k=2|softmax@0.2,0.9720159844189047,3.3648784866177257
ft,scaled_euclidean|k=2|softmax@0.5,0.9649293909748936,3.3107929229859243
ft,scaled_euclidean|k=2|softmax@1.0,0.9531369808470739,3.2745973595696825
ft,scaled_euclidean|k=3|uniform,0.8823547817999461,3.0040423087678496
ft,scaled_euclidean|k=3|inverse,0.879077530265375,3.0284240162431932
ft,scaled_euclidean|k=3|inverse_sq,0.8760060591308215,3.0527199386620785
ft,scaled_euclidean|k=3|softmax@0.05,1.1118366781062923,3.3591482373311874
ft,scaled_euclidean|k=3|softmax@0.1,1.0313091569787753,3.3609953537515347
ft,scaled_euclidean|k=3|softmax@0.2,0.9407323470661367,3.3340557291662947
ft,scaled_euclidean|k=3|softmax@0.5,0.9125810267702005,3.249602579710473
ft,scaled_euclidean|k=3|softmax@1.0,0.8757898375901029,3.1921551560315296
ft,scaled_euclidean|k=5|uniform,0.9939396844278239,2.7552981021993865
ft,scaled_euclidean|k=5|inverse,0.9879057037660921,2.7875071711368977
ft,scaled_euclidean|k=5|inverse_sq,0.981988841009465,2.8219298509058905
ft,scaled_euclidean|k=5|softmax@0.05,1.1117317486422975,3.3595852231457504
ft,scaled_euclidean|k=5|softmax@0.1,1.0291677445362903,3.3625281604807533
ft,scaled_euclidean|k=5|softmax@0.2,0.929998529989139,3.3291972027852355
ft,scaled_euclidean|k=5|softmax@0.5,0.9060061201125281,3.211399909466632
ft,scaled_euclidean|k=5|softmax@1.0,0.9065120409897504,3.0993415616111886
ft,scaled_euclidean|k=8|uniform,0.926832206972154,2.7859108224951825
ft,scaled_euclidean|k=8|inverse,0.9220922281152968,2.801516401620514
ft,scaled_euclidean|k=8|inverse_sq,0.9175241041940352,2.821499228823197
ft,scaled_euclidean|k=8|softmax@0.05,1.1116437141318372,3.3595799326146816
ft,scaled_euclidean|k=8|softmax@0.1,1.0258064981699822,3.3621910562325446
ft,scaled_euclidean|k=8|softmax@0.2,0.9106055701783343,3.3277450083840914
ft,scaled_euclidean|k=8|softmax@0.5,0.8356314328758575,3.201533141235827
ft,scaled_euclidean|k=8|softmax@1.0,0.8129077936892127,3.0726480541121854
ft,scaled_manhattan|k=1|uniform,1.0923527454329107,3.1941428576591977
ft,scaled_manhattan|k=2|uniform,0.7627736182440479,3.0480134484040677
ft,scaled_manhattan|k=2|inverse,0.7605276950398361,3.0577702497801105
ft,scaled_manhattan|k=2|inverse_sq,0.7582848437238717,3.067080035892872
ft,scaled_manhattan|k=2|softmax@0.05,1.0919996637398752,3.149888322442584
ft,scaled_manhattan|k=2|softmax@0.1,1.0860522895049933,3.1459360845042568
ft,scaled_manhattan|k=2|softmax@0.2,1.062591264085351,3.1383551487852466
ft,scaled_manhattan|k=2|softmax@0.5,1.0219482020101187,3.1223915302481124
ft,scaled_manhattan|k=2|softmax@1.0,1.0083023928481059,3.114868181638227
ft,scaled_manhattan|k=3|uniform,0.819955791862918,2.9332516572430505
ft,scaled_manhattan|k=3|inverse,0.8137382451575822,2.951061110562288
ft,scaled_manhattan|k=3|inverse_sq,0.8074699224080246,2.968770063062801
ft,scaled_manhattan|k=3|softmax@0.05,1.0919984310363224,3.083990461640101
ft,scaled_manhattan|k=3|softmax@0.1,1.0854189074843754,3.08027553960266
ft,scaled_manhattan|k=3|softmax@0.2,1.049805646761629,3.0734571514776987
ft,scaled_manhattan|k=3|softmax@0.5,0.9722566653475272,3.0586971301600436
ft,scaled_manhattan|k=3|softmax@1.0,0.9463010355185061,3.0504601283847887
ft,scaled_manhattan|k=5|uniform,0.9313040124229904,2.8387373335431163
ft,scaled_manhattan|k=5|inverse,0.9224247601363962,2.8565241714244585
ft,scaled_manhattan|k=5|inverse_sq,0.9134373737439482,2.8770246431113504
ft,scaled_manhattan|k=5|softmax@0.05,1.0919984310363224,3.0839904616432214
ft,scaled_manhattan|k=5|softmax@0.1,1.0854189074843754,3.0802757592196506
ft,scaled_manhattan|k=5|softmax@0.2,1.0498056467616121,3.073470347282906
ft,scaled_manhattan|k=5|softmax@0.5,0.9722562913373601,3.0583745073530357
ft,scaled_manhattan|k=5|softmax@1.0,0.9462529805187422,3.0498487127067375
ft,scaled_manhattan|k=8|uniform,0.916209229713891,2.7808760451388737
ft,scaled_manhattan|k=8|inverse,0.9077858001116007,2.7950979203329247
ft,scaled_manhattan|k=8|inverse_sq,0.8991095230974951,2.813246826181767
ft,scaled_manhattan|k=8|softmax@0.05,1.0919984310363224,3.0839904616432214
ft,scaled_manhattan|k=8|softmax@0.1,1.0854189074843754,3.080275759219652
ft,scaled_manhattan|k=8|softmax@0.2,1.0498056467616121,3.0734703533359635
ft,scaled_manhattan|k=8|softmax@0.5,0.9722562913346177,3.058421620439573
ft,scaled_manhattan|k=8|softmax@1.0,0.9462530377270212,3.0509836973237894
ft,mahalanobis|k=1|uniform,1.8272115769997321,3.1900276230345233
ft,mahalanobis|k=2|uniform,1.5560767046525528,3.030599622905671
ft,mahalanobis|k=2|inverse,1.5561073937966914,3.030605979184252
ft,mahalanobis|k=2|inverse_sq,1.5561380829397906,3.030612335456675
ft,mahalanobis|k=2|softmax@0.05,1.697383460970746,3.03001338901854
ft,mahalanobis|k=2|softmax@0.1,1.6350255709327743,3.0298040896057072
ft,mahalanobis|k=2|softmax@0.2,1.596931143577486,3.0288101375140974
ft,mahalanobis|k=2|softmax@0.5,1.5725868659028717,3.029543342786661
ft,mahalanobis|k=2|softmax@1.0,1.5643440849268224,3.0300412231268576
ft,mahalanobis|k=3|uniform,1.3904655822951497,2.9445527181198257
ft,mahalanobis|k=3|inverse,1.3905030311805828,2.9445650862611217
ft,mahalanobis|k=3|inverse_sq,1.3905404801328098,2.9445774582434945
ft,mahalanobis|k=3|softmax@0.05,1.6063799186413892,2.9704483003613324
ft,mahalanobis|k=3|softmax@0.1,1.511725486322995,2.957888259521316
ft,mahalanobis|k=3|softmax@0.2,1.4533425354373577,2.9504617692478114
ft,mahalanobis|k=3|softmax@0.5,1.4159205745547918,2.947073003099708
ft,mahalanobis|k=3|softmax@1.0,1.4032212383504177,2.94586582216947
ft,mahalanobis|k=5|uniform,1.093788649241411,2.8385958715949395
ft,mahalanobis|k=5|inverse,1.0937795056613002,2.8386269448076833
ft,mahalanobis|k=5|inverse_sq,1.0937703590303183,2.838658037296602
ft,mahalanobis|k=5|softmax@0.05,1.14705977500904,2.896639895938032
ft,mahalanobis|k=5|softmax@0.1,1.1013254029231516,2.8751256937935463
ft,mahalanobis|k=5|softmax@0.2,1.0944676043884336,2.8567126571550663
ft,mahalanobis|k=5|softmax@0.5,1.0903461074926648,2.8456762349182
ft,mahalanobis|k=5|softmax@1.0,1.09218176426836,2.842106998863172
ft,mahalanobis|k=8|uniform,1.0896120476552997,2.7996823328522353
ft,mahalanobis|k=8|inverse,1.0896019029712682,2.7997139515917553
ft,mahalanobis|k=8|inverse_sq,1.0895917561455886,2.799745613894249
ft,mahalanobis|k=8|softmax@0.05,1.0850200078772922,2.878348132308912
ft,mahalanobis|k=8|softmax@0.1,1.0742048290933819,2.852471553273926
ft,mahalanobis|k=8|softmax@0.2,1.0757359593088414,2.826325052670419
ft,mahalanobis|k=8|softmax@0.5,1.0845629204106888,2.8094418583255756
ft,mahalanobis|k=8|softmax@1.0,1.0871707684850536,2.804327033212228
frozen,cosine|k=1|uniform,1.3630088587024278,3.1638302692450755
frozen,cosine|k=2|uniform,1.1524697877664412,2.9317260713599618
frozen,cosine|k=2|inverse,1.1188506398186042,2.964853104563692
frozen,cosine|k=2|inverse_sq,1.1157541951831085,2.9920665869587735
frozen,cosine|k=2|softmax@0.05,1.134789421463137,2.953902568429497
frozen,cosine|k=2|softmax@0.1,1.1437780216111568,2.9430225602160376
frozen,cosine|k=2|softmax@0.2,1.1481435563740163,2.9374013655427587
frozen,cosine|k=2|softmax@0.5,1.1507415290064194,2.9339992495697054
frozen,cosine|k=2|softmax@1.0,1.1516058185351494,2.9328628796358394
frozen,cosine|k=3|uniform,0.985240720446909,2.799106047450143
frozen,cosine|k=3|inverse,0.9942885242813955,2.8429838851471323
frozen,cosine|k=3|inverse_sq,0.9987954916680871,2.888716649542526
frozen,cosine|k=3|softmax@0.05,1.0071181250676078,2.8290217775851807
frozen,cosine|k=3|softmax@0.1,0.9971326286212755,2.8138060855296496
frozen,cosine|k=3|softmax@0.2,0.9913971437532215,2.806350756951526
frozen,cosine|k=3|softmax@0.5,0.9877495623895818,2.8019740730826714
frozen,cosine|k=3|softmax@1.0,0.986502476669472,2.800534738190084
frozen,cosine|k=5|uniform,1.1077894484544866,2.84714624272124
frozen,cosine|k=5|inverse,1.061703604591083,2.862676751449741
frozen,cosine|k=5|inverse_sq,1.016116704041534,2.885573514617115
frozen,cosine|k=5|softmax@0.05,1.060005870796757,2.8558478327056385
frozen,cosine|k=5|softmax@0.1,1.0838324305722147,2.8507783535703046
frozen,cosine|k=5|softmax@0.2,1.095846768964091,2.848779798092587
frozen,cosine|k=5|softmax@0.5,1.1030275681402535,2.8477556447998658
frozen,cosine|k=5|softmax@1.0,1.105411573989249,2.847443597364275
frozen,cosine|k=8|uniform,1.11044299608687,2.7546431744082476
frozen,cosine|k=8|inverse,1.0717680750745437,2.7784581053812794
frozen,cosine|k=8|inverse_sq,1.018721480665511,2.819683672218481
frozen,cosine|k=8|softmax@0.05,1.0784433779688318,2.7708854695915925
frozen,cosine|k=8|softmax@0.1,1.0963190577509188,2.761244503463282
frozen,cosine|k=8|softmax@0.2,1.1038996475281138,2.75771171531102
frozen,cosine|k=8|softmax@0.5,1.1079543120690982,2.7558169631459255
frozen,cosine|k=8|softmax@1.0,1.109220355291705,2.7552213354158734
frozen,euclidean|k=1|uniform,1.3630088587024278,3.2148465869613587
frozen,euclidean|k=2|uniform,1.1149572281913005,2.7930691477930742
frozen,euclidean|k=2|inverse,1.0929494929529222,2.8198316131311065
frozen,euclidean|k=2|inverse_sq,1.0721857152766536,2.8450141683237113
frozen,euclidean|k=2|softmax@0.05,1.3069982852359971,3.13784986319269
frozen,euclidean|k=2|softmax@0.1,1.1887599756509852,3.0948256504474965
frozen,euclidean|k=2|softmax@0.2,1.1115355118449513,3.041032419521249
frozen,euclidean|k=2|softmax@0.5,1.0964888930647718,2.9555257339245395
frozen,euclidean|k=2|softmax@1.0,1.07444075191229,2.898774769624016
frozen,euclidean|k=3|uniform,0.9864222992950421,2.712869171669996
frozen,euclidean|k=3|inverse,0.9814829107178272,2.7386799959777512
frozen,euclidean|k=3|inverse_sq,0.9779510972263793,2.7655200400369373
frozen,euclidean|k=3|softmax@0.05,1.2991791658399159,3.1341448385644974
frozen,euclidean|k=3|softmax@0.1,1.1564844382312567,3.0808590577335244
frozen,euclidean|k=3|softmax@0.2,1.0902573011144499,3.0100353910315127
frozen,euclidean|k=3|softmax@0.5,1.0373697537612372,2.8947862778678077
frozen,euclidean|k=3|softmax@1.0,0.9981318214668201,2.8242621730809168
frozen,euclidean|k=5|uniform,0.9367950088593436,2.753640153251865
frozen,euclidean|k=5|inverse,0.9108166787335873,2.7661436168294125
frozen,euclidean|k=5|inverse_sq,0.8829630098059129,2.7809906833501206
frozen,euclidean|k=5|softmax@0.05,1.29904584905829,3.134117657696153
frozen,euclidean|k=5|softmax@0.1,1.1516293284000123,3.0805892218543414
frozen,euclidean|k=5|softmax@0.2,1.0565057841209207,3.0097166929643273
frozen,euclidean|k=5|softmax@0.5,0.9183716911403114,2.8846058016194607
frozen,euclidean|k=5|softmax@1.0,0.8666828725741144,2.810862827181596
frozen,euclidean|k=8|uniform,1.1104730628094812,2.784157977910155
frozen,euclidean|k=8|inverse,1.0839039372569041,2.7858758570134587
frozen,euclidean|k=8|inverse_sq,1.0539831354667635,2.7918950458184875
frozen,euclidean|k=8|softmax@0.05,1.2990445358511449,3.1341193893227093
frozen,euclidean|k=8|softmax@0.1,1.1509388853792544,3.08103308158462
frozen,euclidean|k=8|softmax@0.2,1.0445985089526284,3.0137627526792508
frozen,euclidean|k=8|softmax@0.5,0.9663604692543435,2.8875793089435673
frozen,euclidean|k=8|softmax@1.0,0.9645000449353773,2.8184931306610927
frozen,manhattan|k=1|uniform,1.619845016250578,3.1098448433277945
frozen,manhattan|k=2|uniform,0.9530504878263855,2.7165444873673983
frozen,manhattan|k=2|inverse,0.9588408568024251,2.7319859311264363
frozen,manhattan|k=2|inverse_sq,0.9646371057344096,2.746743910309185
frozen,manhattan|k=2|softmax@0.05,1.5775195295915811,3.0615128018887727
frozen,manhattan|k=2|softmax@0.1,1.5686445298761391,3.0689365766902874
frozen,manhattan|k=2|softmax@0.2,1.5359908678207035,3.0642665821777073
frozen,manhattan|k=2|softmax@0.5,1.4798272941690915,3.044980823530946
frozen,manhattan|k=2|softmax@1.0,1.408802968702039,3.024813255088576
frozen,manhattan|k=3|uniform,1.0698279953723708,2.6383418091385358
frozen,manhattan|k=3|inverse,1.0541720230638925,2.6478200637693114
frozen,manhattan|k=3|inverse_sq,1.0398635842949253,2.6577974561631867
frozen,manhattan|k=3|softmax@0.05,1.577519529381869,3.061512801888762
frozen,manhattan|k=3|softmax@0.1,1.5686409639521763,3.068936559248588
frozen,manhattan|k=3|softmax@0.2,1.5355723040157188,3.064246008444392
frozen,manhattan|k=3|softmax@0.5,1.474567614193079,3.043234877408367
frozen,manhattan|k=3|softmax@1.0,1.3978638669577752,3.0139676619601827
frozen,manhattan|k=5|uniform,0.9234882003762016,2.6762497819415443
frozen,manhattan|k=5|inverse,0.9157658765052743,2.685904522815987
frozen,manhattan|k=5|inverse_sq,0.908506157264026,2.696511636702584
frozen,manhattan|k=5|softmax@0.05,1.577519529381869,3.061512801888762
frozen,manhattan|k=5|softmax@0.1,1.568640963726187,3.068936559387977
frozen,manhattan|k=5|softmax@0.2,1.5355656842755117,3.064246933848364
frozen,manhattan|k=5|softmax@0.5,1.471572189031223,3.043408662560078
frozen,manhattan|k=5|softmax@1.0,1.3774874228671603,3.014940578780846
frozen,manhattan|k=8|uniform,1.0868283458852896,2.7575012579533733
frozen,manhattan|k=8|inverse,1.0668011766679721,2.754872861611317
frozen,manhattan|k=8|inverse_sq,1.0442844162158045,2.755200830735416
frozen,manhattan|k=8|softmax@0.05,1.577519529381869,3.061512801888762
frozen,manhattan|k=8|softmax@0.1,1.568640963726187,3.068936559387977
frozen,manhattan|k=8|softmax@0.2,1.5355656842755052,3.064246933848364
frozen,manhattan|k=8|softmax@0.5,1.471570471680555,3.04340865496755
frozen,manhattan|k=8|softmax@1.0,1.3765478760474843,3.014904573769659
frozen,scaled_euclidean|k=1|uniform,1.4838377301701922,2.990286951362007
frozen,scaled_euclidean|k=2|uniform,1.0129655861391238,2.8056425610054387
frozen,scaled_euclidean|k=2|inverse,0.9978815075176756,2.807655441975111
frozen,scaled_euclidean|k=2|inverse_sq,0.9833691327809044,2.8094758090234597
frozen,scaled_euclidean|k=2|softmax@0.05,1.4838349280364282,2.9611812842126604
frozen,scaled_euclidean|k=2|softmax@0.1,1.483308656418173,2.952296920638971
frozen,scaled_euclidean|k=2|softmax@0.2,1.4720818914307585,2.935991244875956
frozen,scaled_euclidean|k=2|softmax@0.5,1.3461911550549304,2.9052218762098514
frozen,scaled_euclidean|k=2|softmax@1.0,1.1570730532523261,2.8560763360472516
frozen,scaled_euclidean|k=3|uniform,0.9305093793631662,2.7611111808672826
frozen,scaled_euclidean|k=3|inverse,0.9303415076571012,2.762124745895657
frozen,scaled_euclidean|k=3|inverse_sq,0.9336598523123202,2.7630191319190383
frozen,scaled_euclidean|k=3|softmax@0.05,1.4838264031277222,2.963572935261124
frozen,scaled_euclidean|k=3|softmax@0.1,1.4831591307020857,2.954106619799304
frozen,scaled_euclidean|k=3|softmax@0.2,1.4742678533944267,2.9320386816392183
frozen,scaled_euclidean|k=3|softmax@0.5,1.3622025897944918,2.894060029180921
frozen,scaled_euclidean|k=3|softmax@1.0,1.1786722746373848,2.834614258495157
frozen,scaled_euclidean|k=5|uniform,0.9896857318750032,2.633176118281517
frozen,scaled_euclidean|k=5|inverse,0.9797892592866349,2.6416926707378523
frozen,scaled_euclidean|k=5|inverse_sq,0.9693823979530461,2.6507126392412923
frozen,scaled_euclidean|k=5|softmax@0.05,1.4838263276250314,2.96357758743387
frozen,scaled_euclidean|k=5|softmax@0.1,1.4830514682077829,2.954118423411441
frozen,scaled_euclidean|k=5|softmax@0.2,1.4703643375114193,2.929245418361402
frozen,scaled_euclidean|k=5|softmax@0.5,1.330324435871434,2.8688230396689183
frozen,scaled_euclidean|k=5|softmax@1.0,1.1228788408239094,2.7764573272479938
frozen,scaled_euclidean|k=8|uniform,1.021302191002564,2.725883338860337
frozen,scaled_euclidean|k=8|inverse,1.0100894423139,2.719319059605547
frozen,scaled_euclidean|k=8|inverse_sq,0.9981277427135931,2.7144927868012654
frozen,scaled_euclidean|k=8|softmax@0.05,1.4838263134884764,2.9635775835501543
frozen,scaled_euclidean|k=8|softmax@0.1,1.482999245879153,2.954106012392358
frozen,scaled_euclidean|k=8|softmax@0.2,1.468030443397996,2.9287728232701515
frozen,scaled_euclidean|k=8|softmax@0.5,1.3251683333431128,2.8683723240961374
frozen,scaled_euclidean|k=8|softmax@1.0,1.1050287051595773,2.78394721859683
frozen,scaled_manhattan|k=1|uniform,1.5168833898194034,3.116245307578232
frozen,scaled_manhattan|k=2|uniform,0.84990962513801,2.71961754717499
frozen,scaled_manhattan|k=2|inverse,0.8642984826411073,2.7205927549276545
frozen,scaled_manhattan|k=2|inverse_sq,0.8783171263106624,2.721739393615253
frozen,scaled_manhattan|k=2|softmax@0.05,1.5168833898194034,3.0165363436097614
frozen,scaled_manhattan|k=2|softmax@0.1,1.51688338981941,3.0089935725275545
frozen,scaled_manhattan|k=2|softmax@0.2,1.5168833993334434,3.0034255145987085
frozen,scaled_manhattan|k=2|softmax@0.5,1.516896766858937,2.9968817859664445
frozen,scaled_manhattan|k=2|softmax@1.0,1.5136731078470915,2.983517618335917
frozen,scaled_manhattan|k=3|uniform,0.8281818034467426,2.5567983345435725
frozen,scaled_manhattan|k=3|inverse,0.8212218295106385,2.562585448728851
frozen,scaled_manhattan|k=3|inverse_sq,0.821912994683558,2.568336033913206
frozen,scaled_manhattan|k=3|softmax@0.05,1.5168833898194034,3.0165363436097614
frozen,scaled_manhattan|k=3|softmax@0.1,1.51688338981941,3.0089935725275545
frozen,scaled_manhattan|k=3|softmax@0.2,1.516883399333436,3.0034255114281714
frozen,scaled_manhattan|k=3|softmax@0.5,1.516895819043961,2.996793243477786
frozen,scaled_manhattan|k=3|softmax@1.0,1.5133096978306324,2.981137330585138
frozen,scaled_manhattan|k=5|uniform,0.9032640256968765,2.6017920114455166
frozen,scaled_manhattan|k=5|inverse,0.8925878675360918,2.604566471299164
frozen,scaled_manhattan|k=5|inverse_sq,0.8816767483904997,2.6081476499495033
frozen,scaled_manhattan|k=5|softmax@0.05,1.5168833898194034,3.0165363436097614
frozen,scaled_manhattan|k=5|softmax@0.1,1.51688338981941,3.0089935725275545
frozen,scaled_manhattan|k=5|softmax@0.2,1.516883399333436,3.0034255114281714
frozen,scaled_manhattan|k=5|softmax@0.5,1.516895816704358,2.996793237293415
frozen,scaled_manhattan|k=5|softmax@1.0,1.513297420438293,2.981127573897933
frozen,scaled_manhattan|k=8|uniform,0.963168510614966,2.7278814812903516
frozen,scaled_manhattan|k=8|inverse,0.951591681641794,2.721975593353408
frozen,scaled_manhattan|k=8|inverse_sq,0.9388327902136737,2.717442419056307
frozen,scaled_manhattan|k=8|softmax@0.05,1.5168833898194034,3.0165363436097614
frozen,scaled_manhattan|k=8|softmax@0.1,1.51688338981941,3.0089935725275545
frozen,scaled_manhattan|k=8|softmax@0.2,1.516883399333436,3.0034255114281714
frozen,scaled_manhattan|k=8|softmax@0.5,1.5168958167043567,2.9967932372933697
frozen,scaled_manhattan|k=8|softmax@1.0,1.5132974087455693,2.9811275309472967
frozen,mahalanobis|k=1|uniform,1.8741606056169802,3.3512921854117486
frozen,mahalanobis|k=2|uniform,0.9633548951863374,2.7818813791704193
frozen,mahalanobis|k=2|inverse,0.9633553341141337,2.781904397369522
frozen,mahalanobis|k=2|inverse_sq,0.9633557730420232,2.781927415538713
frozen,mahalanobis|k=2|softmax@0.05,1.0339158251081269,2.923228991291043
frozen,mahalanobis|k=2|softmax@0.1,0.9882546948988151,2.853022265550147
frozen,mahalanobis|k=2|softmax@0.2,0.9699022400237671,2.8174057158691794
frozen,mahalanobis|k=2|softmax@0.5,0.9659810101777209,2.794665628680999
frozen,mahalanobis|k=2|softmax@1.0,0.9646684677437154,2.7866608687783603
frozen,mahalanobis|k=3|uniform,1.0985028713555247,2.808640849598621
frozen,mahalanobis|k=3|inverse,1.0984934364093817,2.808622991015681
frozen,mahalanobis|k=3|inverse_sq,1.0984840015538049,2.8086051359513085
frozen,mahalanobis|k=3|softmax@0.05,1.1124299122575076,2.895885073089102
frozen,mahalanobis|k=3|softmax@0.1,1.088790508215533,2.8254497303922483
frozen,mahalanobis|k=3|softmax@0.2,1.0928217977908292,2.8062022364757295
frozen,mahalanobis|k=3|softmax@0.5,1.0960504674933351,2.8058723671562236
frozen,mahalanobis|k=3|softmax@1.0,1.0972486873832197,2.8070777650466683
frozen,mahalanobis|k=5|uniform,1.0716114372912047,2.7058223769553074
frozen,mahalanobis|k=5|inverse,1.0715833874759622,2.705821581692475
frozen,mahalanobis|k=5|inverse_sq,1.071555334576392,2.7058207846560465
frozen,mahalanobis|k=5|softmax@0.05,1.0005748320957775,2.81320365737967
frozen,mahalanobis|k=5|softmax@0.1,1.0279501751671938,2.7390776712538707
frozen,mahalanobis|k=5|softmax@0.2,1.0491340511675358,2.7144629355265826
frozen,mahalanobis|k=5|softmax@0.5,1.0626977726978257,2.708253175582339
frozen,mahalanobis|k=5|softmax@1.0,1.0671863157779569,2.7069484026520394
frozen,mahalanobis|k=8|uniform,0.9616607817639709,2.6764515415367773
frozen,mahalanobis|k=8|inverse,0.961620498372583,2.6764392041018867
frozen,mahalanobis|k=8|inverse_sq,0.9615802057335896,2.6764268589783504
frozen,mahalanobis|k=8|softmax@0.05,0.8757878943596182,2.7440699635644146
frozen,mahalanobis|k=8|softmax@0.1,0.904954027063493,2.6653933596302424
frozen,mahalanobis|k=8|softmax@0.2,0.9274895218931954,2.663693950803958
frozen,mahalanobis|k=8|softmax@0.5,0.9450670415720418,2.6714744573427343
frozen,mahalanobis|k=8|softmax@1.0,0.9530466487309346,2.6740374723237457
ft,Ridge(alpha=0.01),2.040229205550605,3.1430479862226703
ft,Ridge(alpha=0.1),1.9766282318735005,3.131331694820761
ft,Ridge(alpha=1),1.557256132587207,3.059499564503817
ft,Ridge(alpha=10),0.9643922749758405,2.903743809976817
ft,Ridge(alpha=100),0.8936284997314651,2.7404882046344103
ft,PCA8+Ridge,0.9334673931687141,2.695066423125364
ft,PCA16+Ridge,0.9894878058696843,2.858558300263147
ft,PCA32+Ridge,0.9716267059804193,2.9186660684393133
ft,PCA64+Ridge,1.4983255351173166,3.0562180969546766
frozen,Ridge(alpha=0.01),2.8187667710021427,3.2334976990810085
frozen,Ridge(alpha=0.1),2.782528115707048,3.216926867121551
frozen,Ridge(alpha=1),2.4882001174361297,3.121031481683828
frozen,Ridge(alpha=10),1.6107934530627073,3.0062348597196964
frozen,Ridge(alpha=100),1.0189724789762624,2.844933297190519
frozen,PCA8+Ridge,1.022996770905558,2.7592028233651336
frozen,PCA16+Ridge,1.0719190368852496,3.0152250681901926
frozen,PCA32+Ridge,1.4944790854362675,3.034761734189857
frozen,PCA64+Ridge,2.5146360956100042,3.1353231933029817
